HOLEID,X,Y,Z,cu_ppm,au_ppm,ag_ppm,fe_ppm,s_ppm,total_sulphide_ppm,CuEq_ppm
1,559.7251749999123,-513.3103199973702,252.82,7200.0,1.04,0.64,351800.0,6100.0,365100.0,7409.76
1,558.9551749998936,-515.2303199972957,246.87,1000.0,0.06,0.2,215200.0,600.0,216800.0,1025.8
1,557.2251749999123,-519.6103199962527,233.37,21800.0,2.02,3.44,462600.0,11700.0,496100.0,22391.96
1,555.3751749999356,-524.3003199975938,218.92,22900.0,3.43,4.88,444900.0,11000.0,478800.0,23824.42
1,553.825174999889,-528.2103199977428,206.94,5900.0,0.5,1.25,288600.0,2200.0,296700.0,6080.0
1,552.075174999889,-532.5603199973702,193.91,5600.000000000001,0.9,0.9,292900.0,2800.0000000000005,301300.0,5810.600000000001
1,550.3051749998704,-537.0803199969232,180.8,20000.0,3.56,0.93,485400.0,19600.0,525000.0,20612.12
1,547.4951749999309,-544.3103199973702,160.08,2800.0000000000005,0.21,0.76,239700.0,1400.0000000000002,243900.0,2895.3400000000006
1,544.3351749998983,-552.4303199965507,137.08,6100.0,0.2,1.12,255700.0,2800.0000000000005,264600.0,6224.08
1,541.6951749998843,-559.1903199963272,117.96,2500.0,0.16,0.77,214400.0,900.0,217800.0,2588.68
1,538.3551749999169,-567.5303199980408,94.33,2100.0,0.12,0.53,190500.0,800.0,193400.0,2162.52
1,537.0651749998797,-570.6803199965507,85.41,3900.0,0.27,0.93,335600.0,2100.0,341600.0,4018.62
1,536.1751749998657,-572.9103199969977,79.13,1400.0000000000002,0.11,0.31,250300.0,1000.0,252700.0,1442.5400000000002
1,535.1451749999542,-575.4703199975193,71.89,5600.000000000001,0.64,0.37,267800.0,5300.0,278700.0,5727.080000000001
1,533.1951749998843,-580.3103199973702,58.2,1900.0,0.2,0.55,232100.0,1200.0,235200.0,1976.2
2,745.3451749999076,-280.6003199964762,280.94,4800.0,0.24,0.45,49100.0,1800.0,55700.0,4873.8
2,741.8651749999262,-288.97031999751925,257.64,3900.0,0.23,0.27,41700.0,1900.0,47500.0,3957.18
2,738.3051749998704,-297.31031999737024,234.34,7000.0,0.42,0.45,41300.0,3600.0,51900.0,7100.8
2,734.7051749998936,-305.65031999722123,211.05,3500.0,0.16,0.36,61800.0,1600.0,66900.0,3554.24
2,731.4151749999728,-313.15031999722123,190.52,1500.0,0.05,0.15,98600.0,500.0,100600.0,1520.1
2,727.9751749999123,-320.7803199980408,170.07,1500.0,0.03,0.19,179300.0,500.0,181300.0,1520.46
2,723.9951749999309,-329.4603199977428,146.96,3600.0,0.04,0.55,152300.0,1200.0,157100.0,3652.2
2,719.9751749999123,-338.0803199969232,123.85,1300.0,0.14,0.2,178000.0,500.0,179800.0,1337.8
2,716.1951749998843,-345.9103199969977,102.66,2800.0000000000005,0.08,0.38,231400.0,1100.0,235300.0,2843.9200000000005
2,713.8651749999262,-350.72031999751925,89.56,5900.0,0.24,0.89,239900.0,2300.0,248100.0,6010.76
2,711.1551749999635,-356.27031999640167,74.26,3700.0,0.06,0.61,189700.0,1200.0,194600.0,3760.24
2,708.2451749999309,-362.3903199974448,57.53,2500.0,0.07,0.37,202500.0,1000.0,206000.0,2541.58
2,705.325174999889,-368.4003199972212,41.03,700.0000000000001,0.04,0.12,180900.0,300.0,181900.0,716.0800000000002
2,701.4051749999635,-376.4903199970722,19.1,300.0,0.01,0.05,167000.0,100.0,167400.0,305.7
2,697.2251749999123,-384.4803199972957,-2.19,2100.0,0.05,0.42,227000.0,700.0000000000001,229800.0,2142.78
3,-304.02482500008773,318.1296800021082,281.09,2300.0,0.1,0.96,134900.0,400.0,137600.0,2395.64
3,-306.424825000111,311.36968000233173,261.04,6600.0,0.38,2.31,254400.0,1900.0,262900.0,6851.04
3,-308.9148250001017,304.69968000240624,241.7,5699.999999999999,0.2,2.07,159900.0,1500.0,167100.0,5903.879999999999
3,-311.55482500011567,297.72968000359833,222.02,7300.0,0.27,2.74,179700.0,1900.0,188900.0,7570.66
3,-313.37482500006445,293.0796800032258,208.94,1900.0,0.23,0.8,208700.0,600.0,211200.0,2001.7
3,-314.71482500003185,289.72968000359833,199.45,9900.0,2.17,3.39,291400.0,3000.0,304300.0,10510.26
3,-317.0448250001064,284.0996800027788,183.37,2500.0,0.14,1.1,240800.0,800.0,244100.0,2613.4
3,-320.63482500007376,275.9296800028533,160.01,7300.0,0.21,2.61,258900.0,2200.0,268400.0,7550.74
3,-323.87482500006445,268.8396800030023,139.9,5100.0,0.11,1.69,257400.0,1600.0,264100.0,5258.46
3,-327.4148250001017,261.13968000374734,118.44,5699.999999999999,0.12,2.02,173100.0,1600.0,180400.0,5887.679999999999
3,-329.9548250001389,255.77968000248077,103.66,25900.0,0.6,8.06,369000.0,8100.000000000001,403000.0,26667.04
3,-332.30482500011567,250.89968000352383,90.28,8000.0,0.52,3.17,163600.0,2500.0,174100.0,8344.28
3,-336.4848250000505,242.3496800027788,67.17,1300.0,0.05,0.49,150900.0,400.0,152600.0,1348.66
3,-340.44482500012964,234.53968000225723,46.39,3200.0,0.16,0.95,158500.0,1000.0,162700.0,3303.8
3,-342.8448250000365,229.9996800031513,34.28,3200.0,0.17,0.86,343300.0,1000.0,347500.0,3297.74
3,-345.19482500012964,225.62968000210824,22.57,5800.0,0.17,1.37,289700.0,1800.0,297300.0,5940.58
4,-416.5748250001343,570.3496800027788,256.16,2500.0,0.15,0.33,23700.0,100.0,26300.0,2550.22
4,-419.8948250000831,562.2896800022572,232.84,1900.0,0.1,0.25,58400.0,700.0000000000001,61000.0,1936.0
4,-422.2448250000598,556.7696800027043,216.9,1200.0,0.22,0.15,32300.0,600.0,34100.0,1245.6
4,-424.0148250000784,552.5996800027788,204.85,2300.0,0.07,0.21,110700.0,1100.0,114100.0,2328.14
4,-427.4948250000598,544.5596800036728,181.52,2000.0,0.04,0.12,90900.0,900.0,93800.0,2016.08
4,-436.36482500005513,524.7596800029278,125.29,1500.0,0.1,0.23,50400.0,600.0,52500.0,1534.32
4,-442.4048250000924,511.7796800024808,89.98,2800.0000000000005,0.02,0.35,99200.0,1000.0,103000.0,2832.4000000000005
4,-452.8248250001343,490.1696800030768,32.43,6200.0,0.39,1.01,247000.0,2400.0,255600.0,6343.34
4,-456.034825000097,483.7196800019592,15.37,15400.0,0.31,2.5,392600.0,5800.0,413800.0,15656.5
4,-458.9948250000598,477.9196800030768,0.07,15700.0,0.33,2.77,260700.0,5900.0,282300.0,15982.18
4,-463.55482500011567,469.2196800019592,-22.92,2200.0,0.08,0.5,240400.0,800.0,243400.0,2254.0
4,-468.0848250000272,460.44968000240624,-45.89,2000.0,0.46,0.81,193600.0,700.0000000000001,196300.0,2137.04
4,-472.174825000111,452.38968000374734,-66.63,6000.0,0.11,1.78,211600.0,1900.0,219500.0,6166.02
4,-476.3248250001343,444.2496800031513,-87.33,1400.0000000000002,0.08,0.31,178700.0,500.0,180600.0,1438.0400000000002
4,-479.2548250000691,438.4996800031513,-101.91,2700.0,0.1,0.71,189100.0,900.0,192700.0,2774.64
4,-481.4348250001203,434.2096800021827,-112.66,1800.0,0.08,0.47,182500.0,600.0,184900.0,1851.48
5,198.81517499987967,-524.7803199980408,324.65,5100.0,0.33,1.99,278400.0,2000.0,285500.0,5316.66
5,200.56517499987967,-520.2403199970722,311.15,17200.0,0.53,3.7,324600.0,9000.0,350800.0,17590.3
5,202.4251749998657,-515.4403199963272,296.82,3900.0,0.19,1.15,252800.0,1300.0,258000.0,4025.1
5,204.6751749998657,-509.6703199967742,279.67,4700.0,0.27,1.1,282400.0,2300.0,289400.0,4832.9
5,205.78517499996812,-506.81031999737024,271.28,10900.0,0.33,2.4,232400.0,5100.0,248400.0,11151.1
5,206.4851749999216,-505.0303199980408,266.11,8700.0,0.35,2.14,267700.0,3400.0000000000005,279800.0,8932.26
5,206.93517499987504,-503.9003199972212,262.82,1200.0,0.06,0.3,206400.0,600.0,208200.0,1234.2
5,207.3851749999449,-502.7603199966252,259.54,1900.0,0.11,0.47,250200.0,1000.0,253100.0,1955.98
5,210.8051749998704,-494.2003199979663,234.8,17400.0,1.1,2.65,344700.0,11500.0,373600.0,17787.6
6,493.6051749999169,-530.8303199969232,317.1,4100.0,0.36,0.89,269100.0,2300.0,275500.0,4228.76
6,494.5551749998704,-528.0203199964017,309.03,6100.0,0.56,1.22,301900.0,3000.0,311000.0,6286.48
6,495.2351749999216,-525.9903199970722,303.16,7700.0,0.98,1.66,180700.0,3700.0,192100.0,7986.44
6,496.79517499986105,-521.3003199975938,289.63,3300.0,0.26,0.7,242600.00000000003,1600.0,247500.00000000003,3397.8
6,499.435174999875,-513.3403199966997,266.61,10800.0,1.98,0.75,380900.00000000006,9700.0,401400.00000000006,11160.0
6,502.2451749999309,-505.0703199971467,242.66,17400.0,2.05,0.69,344600.0,15700.0,377700.0,17765.46
6,505.13517499994487,-496.7903199978173,218.71,12900.0,3.4,0.48,458400.00000000006,12900.0,484200.00000000006,13450.32
6,508.2051749998936,-488.5303199980408,194.79,14200.0,3.33,2.79,416200.0,8600.0,439000.0,14933.86
6,510.3151749998797,-483.0903199966997,179.08,5300.0,0.46,1.39,238300.0,2000.0,245600.0,5485.76
6,512.435174999875,-477.6703199967742,163.32,2700.0,0.14,0.7,211400.0,1000.0,215100.0,2779.8
6,514.8451749999076,-471.7103199977428,145.98,32000.0,4.82,7.45,485100.0,13799.999999999998,530900.0,33348.8
6,515.8651749999262,-469.1903199963272,138.69,2600.0,0.2,0.62,281300.0,1100.0,285000.0,2682.08
6,516.4451749998843,-467.7303199972957,134.48,2800.0000000000005,0.17,0.77,272500.0,1100.0,276400.0,2890.1800000000003
6,518.3851749999449,-462.8903199974448,120.49,4100.0,0.54,0.74,287600.0,2300.0,294000.0,4243.16
6,521.3851749999449,-455.3203199971467,98.45,3100.0,0.18,0.75,264100.0,1100.0,268300.0,3190.0
6,523.2351749999216,-450.81031999737024,85.22,5400.0,0.39,1.06,274500.0,1800.0,281700.0,5547.54
6,525.3551749999169,-445.8603199962527,70.58,4100.0,0.28,0.87,271300.0,1700.0000000000002,277100.0,4215.08
6,528.8551749999169,-438.0003199968487,47.1,2600.0,0.3,0.54,283300.0,1300.0,287200.0,2690.36
6,532.4251749998657,-430.1703199967742,23.63,3000.0,0.19,0.64,264700.0,1000.0,268700.0,3082.26
6,536.0351749999681,-422.2903199978173,0.18,5600.000000000001,0.15,1.31,212700.0,2200.0,220500.0,5732.540000000001
6,539.6151749999262,-414.6403199974448,-22.5,2300.0,0.1,0.46,268000.0,800.0,271100.0,2353.64
6,542.825174999889,-407.7903199978173,-42.68,2700.0,0.15,0.57,279200.0,900.0,282800.0,2770.38
6,545.6351749999449,-402.0303199980408,-59.93,3600.0,0.21,0.88,250800.0,1400.0000000000002,255800.0,3705.42
6,547.185174999875,-398.9303199965507,-69.3,6500.0,0.88,1.86,311700.0,2400.0,320600.0,6788.24
6,547.8151749998797,-397.6803199965507,-73.05,3500.0,0.28,0.99,246200.0,1300.0,251000.0,3625.16
6,549.325174999889,-394.72031999751925,-81.9,6000.0,0.45,1.33,274400.0,2400.0,282800.0,6179.22
6,550.9851749999216,-391.47031999751925,-91.53,2500.0,0.13,0.62,245000.0,900.0,248400.0,2571.58
6,553.2751749999588,-387.1803199965507,-104.28,11200.000000000002,1.17,1.46,324900.0,8100.000000000001,344200.0,11498.140000000001
6,555.7251749999123,-382.6603199969977,-117.57,4100.0,0.52,1.13,254300.0,1600.0,260000.0,4272.92
6,558.1051749999169,-378.2803199980408,-130.28,17500.0,0.97,4.4,411200.0,6500.0,435200.0,18015.1
6,560.5851749998983,-373.6603199969977,-143.64,3700.0,0.27,0.95,242400.0,1200.0,247300.0,3820.3
6,562.1551749999635,-370.7403199970722,-152.11,7600.0,0.54,2.13,346300.0,2400.0,356300.0,7859.92
7,-367.9648250000319,394.7796800024808,245.13,6300.0,0.06,2.09,165600.0,1600.0,173500.0,6484.56
7,-371.6648250001017,386.7396800033748,221.75,3200.0,0.09,0.94,164600.0,1000.0,168800.0,3292.46
7,-375.4848250000505,378.5796800032258,198.43,800.0,0.02,0.27,132600.0,300.0,133700.0,825.68
7,-379.4048250000924,370.3596800025553,175.15,2300.0,0.2,0.7,176400.0,800.0,179500.0,2388.8
7,-383.4148250001017,362.0896800030023,151.9,2300.0,0.11,0.8,148300.0,700.0000000000001,151300.0,2383.7
7,-386.5848250000272,355.6796800028533,134.16,2800.0000000000005,0.19,0.9,153600.0,900.0,157300.0,2904.1000000000004
7,-396.2248250000412,337.18968000262976,83.51,5600.000000000001,0.31,1.46,208000.0,1800.0,215400.0,5769.140000000001
7,-400.7648250000784,328.7496800031513,60.42,1800.0,0.12,0.6,158700.0,600.0,161100.0,1868.4
7,-405.4048250000924,320.1796800028533,37.4,3300.0,0.16,0.95,190900.0,1200.0,195400.0,3403.8
7,-409.064825000125,313.5096800029278,19.63,2300.0,0.11,0.58,272500.0,800.0,275600.0,2365.22
7,-410.8248250001343,310.4096800033003,11.51,10400.0,0.39,2.4,391600.0,3300.0,405300.0,10660.1
7,-412.4048250000924,307.6496800035238,4.27,3300.0,0.13,0.79,278000.0,1100.0,282400.0,3385.86
7,-424.2248250000412,287.1796800028533,-48.94,6500.0,0.23,1.49,349900.0,2100.0,358500.0,6659.66
7,-425.6448250000831,284.77968000248075,-55.11,10000.0,0.39,2.24,378700.0,3400.0000000000005,392100.0,10246.66
7,-428.7648250000784,279.5896800030023,-68.34,4700.0,0.18,1.28,274400.0,1600.0,280700.0,4834.52
7,-434.284825000097,270.51968000270426,-90.97,2900.0,0.1,0.79,195700.0,1000.0,199600.0,2981.36
7,-440.0448250001064,261.2496800031513,-113.47,4700.0,0.38,1.63,203200.0,1400.0000000000002,209300.0,4893.92
7,-445.45482500013895,252.8296800032258,-133.7,10700.0,0.85,3.86,275000.0,3700.0,289400.0,11151.74
7,-454.2648250000784,239.42968000285327,-165.49,8800.0,0.55,1.11,432500.0,7100.0,448400.0,8975.74
7,-456.034825000097,236.77968000248077,-171.68,6200.0,0.41,0.86,354700.0,3700.0,364600.0,6333.74
8,17.675174999865703,33.429680002853274,250.67,2400.0,0.1,0.37,240100.00000000003,800.0,243300.00000000003,2446.08
8,20.36517499992624,39.84968000277877,231.87,3500.0,0.14,0.61,248400.0,1100.0,253000.0,3572.24
8,23.065174999879677,46.279680002480745,213.06,2900.0,0.07,0.75,223200.0,700.0000000000001,226800.0,2973.5
8,25.455174999893643,51.9996800031513,196.43,1600.0,0.04,0.38,209400.0,400.0,211400.0,1637.92
8,28.15517499996349,58.56968000344932,177.84,2700.0,0.08,0.72,227100.0,700.0000000000001,230500.0,2772.48
8,31.675174999865703,67.01968000270426,154.58,3200.0,0.13,0.81,248100.0,900.0,252200.0,3287.54
8,35.37517499993555,75.69968000240624,131.43,5600.000000000001,0.13,1.45,269000.0,1600.0,276200.0,5741.300000000001
8,39.21517499990296,84.62968000210822,108.4,3600.0,0.08,0.97,229200.00000000003,1000.0,233800.00000000003,3693.48
8,41.9251749998657,90.92968000285327,92.49,3800.0,0.15,1.04,264200.0,1100.0,269100.0,3909.86
8,44.71517499990296,97.3296800032258,76.63,6500.0,0.74,1.84,304400.0,1900.0,312800.0,6765.56
8,48.87517499993555,106.7196800019592,53.84,8000.0,0.31,2.34,299800.0,2400.0,310200.0,8243.06
8,52.4251749998657,114.6696800030768,34.81,15000.0,0.6,4.44,332600.0,4400.0,352000.0,15462.96
8,55.0851749998983,120.59968000277875,20.63,8900.0,0.58,2.3,324400.0,2800.0000000000005,336100.0,9180.2
8,56.78517499996815,124.39968000352384,11.53,27900.0,1.1,9.32,368600.0,8100.000000000001,404600.0,28847.88
9,-514.3048250001157,594.6796800028533,254.49,11200.000000000002,0.24,0.41,98800.0,100.0,110100.0,11270.440000000002
9,-523.0048250000691,572.0196800027043,189.05,7300.0,0.3,0.43,87300.0,3400.0000000000005,98000.0,7381.12
9,-526.4148250001017,563.5096800029278,165.8,2800.0000000000005,0.15,0.33,67200.0,1200.0,71200.0,2850.2200000000003
9,-529.454825000139,555.9996800031513,145.72,2900.0,0.15,0.6,65900.0,1200.0,70000.0,2972.9
9,-532.2448250000598,549.1796800028533,127.72,2500.0,0.1,0.24,118200.0,1000.0,121700.0,2535.16
9,-535.5448250001064,541.0196800027043,106.69,7100.0,0.33,0.86,110900.0,2500.0,120500.0,7221.74
9,-538.7348250000505,533.0896800030023,86.58,2800.0000000000005,0.1,0.55,118200.0,1000.0,122000.0,2861.2000000000003
9,-542.0248250000877,525.0596800036728,66.53,14000.0,0.46,2.05,354799.99999999994,5900.0,374699.99999999994,14241.2
9,-545.9648250000319,515.7896800022572,43.64,5400.0,0.15,0.99,227700.0,2000.0,235100.0,5505.66
9,-550.1148250000551,506.5396800022572,20.79,8000.0,0.15,1.79,225200.0,2800.0000000000005,236000.0,8172.86
9,-553.284825000097,499.7596800029278,4.09,3300.0,0.04,0.94,197900.0,1100.0,202300.0,3384.96
9,-554.6048250000458,496.9596800021827,-2.74,1100.0,0.01,0.55,159900.0,300.0,161300.0,1147.7
9,-556.9948250000598,491.8996800035238,-14.97,1400.0000000000002,0.04,0.37,210000.0,500.0,211900.0,1437.0800000000002
9,-561.3048250001157,482.8596800025553,-36.56,2200.0,0.08,0.52,168100.0,700.0000000000001,171000.0,2255.68
9,-563.8448250000365,477.72968000359833,-48.84,6300.0,1.46,1.5,228000.0,2200.0,236500.0,6645.0
9,-566.6348250000738,472.3696800023317,-61.47,2000.0,0.08,0.37,160200.0,700.0000000000001,162900.0,2043.08
9,-570.0248250000877,466.0296800024808,-76.32,2000.0,0.1,0.41,234100.0,800.0,236900.0,2049.44
9,-571.3748250000644,463.51968000270426,-82.17,4000.0,0.16,0.96,239200.00000000003,1400.0000000000002,244600.00000000003,4104.64
9,-572.924825000111,460.6596800033003,-88.81,6899.999999999999,0.1,1.18,207600.00000000003,2600.0,217100.00000000003,7014.119999999999
10,-674.4148250001017,596.8396800030023,294.44,17700.0,0.07,1.13,146000.0,100.0,163800.0,17805.42
10,-677.0048250000691,590.0296800024807,274.91,7100.0,0.56,0.49,135900.0,700.0000000000001,143700.0,7225.16
10,-678.4448250001296,586.3496800027788,264.56,10200.0,0.12,0.39,226000.0,6899.999999999999,243100.0,10250.76
10,-679.3748250000644,584.0096800029278,258.03,12500.0,0.19,0.66,154500.0,8900.0,175900.0,12583.94
10,-680.314825000125,581.6896800026298,251.57,13700.000000000002,0.22,1.95,140300.0,4800.0,158800.0,13896.800000000001
10,-681.5748250001343,578.6596800033003,243.11,3800.0,0.06,0.58,98900.0,1400.0000000000002,104100.0,3857.72
10,-684.4748250000412,572.0696800034493,224.83,12500.0,0.16,1.94,178800.0,4100.0,195400.0,12686.96
10,-689.7148250000319,560.9496800024062,194.31,8800.0,0.12,1.93,229100.0,3000.0,240900.0,8980.12
10,-692.6148250000551,555.0796800032258,178.33,14800.0,0.17,2.68,267400.0,5600.000000000001,287800.0,15050.62
10,-695.6648250001017,549.0096800029278,161.98,7800.0,0.13,1.34,212800.0,2800.0000000000005,223400.0,7932.06
10,-698.7948250001064,542.8596800025553,145.69,4000.0,0.08,0.8,212900.0,1600.0,218500.0,4079.2
10,-703.3648250000551,534.0596800036728,122.74,2700.0,0.06,0.84,193800.0,900.0,197400.0,2779.56
10,-706.2548250000691,528.6096800025553,108.79,800.0,0.03,0.24,191700.00000000003,300.0,192800.00000000003,824.66
10,-708.3948250000831,524.6296800021082,98.65,2800.0000000000005,0.13,0.57,184000.0,1100.0,187900.0,2867.3800000000006
10,-710.534825000097,520.7096800021827,88.73,4400.0,0.39,0.85,225900.0,1700.0000000000002,232000.0,4529.9
10,-713.564825000125,515.2796800024807,75.06,6100.0,0.25,1.32,216900.0,2200.0,225200.0,6248.38
10,-717.8548250000458,507.7496800031513,56.48,2500.0,0.08,0.57,185700.0,800.0,189000.0,2559.88
10,-720.3648250000551,503.3696800023317,45.98,6300.0,0.23,1.33,209200.00000000003,2300.0,217800.00000000003,6446.22
10,-722.4348250001203,499.7996800020337,37.64,1900.0,0.07,0.56,176400.0,600.0,178900.0,1957.54
10,-726.5548250001157,492.7596800029278,21.43,3900.0,0.17,1.6,225100.00000000003,1200.0,230200.00000000003,4059.9
10,-731.314825000125,484.7196800019592,3.18,2800.0000000000005,0.08,1.39,206000.0,900.0,209700.0,2928.76
10,-735.7448250000598,477.3196800034493,-13.18,12600.0,0.76,5.35,327700.00000000006,4200.0,344500.00000000006,13163.4
10,-738.6848250001203,472.4696800019592,-23.76,18700.0,1.76,8.84,411700.0,5400.0,435800.0,19706.56
10,-741.1348250000738,468.3996800035238,-32.5,9000.0,0.41,3.43,286600.0,3000.0,298600.0,9349.62
10,-744.0148250000784,463.6296800021082,-42.56,29500.0,1.34,11.82,431900.0,9300.0,470700.0,30693.88
10,-747.954825000139,457.1196800023317,-56.12,13100.0,0.74,5.95,302100.0,3600.0,318800.0,13710.8
10,-753.3648250000551,448.19968000240624,-74.61,6300.0,0.06,2.86,235000.0,1600.0,242900.0,6549.24
11,560.6451749999542,-263.1203199978918,205.64,6600.0,0.4,1.98,312700.0,1900.0,321200.0,6826.32
11,557.3651749999262,-271.2003199979663,181.94,1900.0,0.12,0.62,217800.0,600.0,220300.0,1970.08
11,554.6651749999728,-277.5403199978173,163.3,12300.0,0.6,3.54,293900.0,3600.0,309800.0,12687.36
11,553.3751749999356,-280.4603199977428,154.62,22600.0,0.94,5.87,379000.0,7200.0,408800.0,23234.08
11,551.9451749998843,-283.6703199967742,144.99,2900.0,0.17,1.02,238500.0,900.0,242300.0,3011.18
11,548.9751749999123,-290.2003199979663,125.52,1600.0,0.17,0.47,223500.0,500.0,225600.0,1664.98
11,546.8051749998704,-294.9503199979663,111.4,9600.0,0.29,2.31,229700.0,2800.0000000000005,242100.0,9837.54
11,545.715174999903,-297.3403199966997,104.32,22800.0,0.49,4.98,412700.00000000006,6600.0,442100.00000000006,23291.82
11,544.6051749999169,-299.77031999640167,97.1,5500.0,0.13,1.29,271000.0,1600.0,278100.0,5627.86
12,-335.1648250001017,503.2796800024808,262.35,4800.0,0.1,2.01,49900.0,900.0,55600.0,4983.84
12,-338.2648250000784,496.1796800028533,239.88,4500.0,0.2,0.39,72000.0,2400.0,78900.0,4562.76
12,-342.1648250001017,487.3796800021082,212.28,1100.0,0.05,0.07,84500.0,500.0,86100.0,1113.38
12,-344.314825000125,482.5396800022572,197.29,700.0000000000001,0.01,0.04,66100.0,300.0,67100.0,704.8600000000001
12,-346.0448250001064,478.5796800032258,185.27,1600.0,0.02,0.07,96000.0,800.0,98400.0,1608.88
12,-348.7048250001389,472.51968000270426,166.85,5100.0,0.17,0.76,95000.0,1900.0,102000.0,5189.34
12,-356.71482500003185,454.4196800030768,112.09,2600.0,0.07,0.33,93400.0,900.0,96900.0,2638.22
12,-362.0948250000365,442.6196800023317,76.45,1200.0,0.01,0.3,99800.0,600.0,101600.0,1226.7
12,-364.5748250001343,437.4296800028533,60.59,7500.0,0.11,1.52,165900.0,2600.0,176000.0,7644.18
12,-366.0248250000877,434.4196800030768,51.32,6000.0,0.1,0.96,182200.0,2100.0,190300.0,6095.64
12,-367.6848250001203,430.9996800031513,40.81,6000.0,0.21,1.17,224900.0,2200.0,233100.0,6129.78
12,-370.4348250001203,425.3596800025553,23.73,700.0000000000001,0.03,0.2,211800.0,300.0,212800.0,721.3000000000001
12,-372.7548250000691,420.6096800025553,9.5,200.0,0.01,0.04,167500.0,100.0,167800.0,204.86
12,-374.0748250001343,417.9196800030768,1.44,8500.0,0.38,1.75,265200.0,2700.0,276400.0,8704.0
12,-375.6448250000831,414.7496800031513,-8.07,6899.999999999999,0.15,1.67,220700.0,2200.0,229800.0,7062.779999999999
12,-378.1048250000458,409.9096800033003,-22.48,2300.0,0.09,0.62,253300.0,800.0,256400.0,2365.58
13,338.5151749999495,-515.9003199972212,315.18,3600.0,0.24,0.64,264000.0,1900.0,269500.0,3689.76
13,348.38517499994487,-494.0803199969232,247.52,3400.0000000000005,0.18,1.07,261700.00000000003,1700.0000000000002,266800.00000000006,3516.8800000000006
13,352.2351749999216,-486.7503199968487,223.93,3200.0,0.16,1.01,266300.0,1200.0,270700.0,3308.84
13,355.38517499994487,-481.1803199965507,205.94,3300.0,0.17,1.04,268300.0,1100.0,272700.0,3412.86
13,358.70517499989364,-475.6703199967742,188.11,3600.0,0.22,1.06,261600.0,1400.0000000000002,266600.0,3722.04
13,363.13517499994487,-468.8703199978918,164.63,11399.999999999998,0.08,0.65,181200.0,9000.0,201600.0,11466.599999999999
13,366.5951749999076,-463.80031999759376,146.44,5000.0,0.41,0.82,278900.0,2800.0000000000005,286700.0,5130.38
13,370.86517499992624,-457.6103199962527,124.01,10400.0,1.23,1.63,375100.0,5699.999999999999,391200.0,10721.42
13,373.825174999889,-453.38031999766827,108.53,10300.0,1.39,1.87,424200.0,6700.0,441200.0,10665.58
13,375.9951749999309,-450.3603199962527,97.38,20400.0,4.05,4.36,470500.0,11299.999999999998,502200.0,21373.74
13,379.3051749998704,-445.81031999737024,80.47,8900.0,1.86,1.36,366500.0,6800.000000000001,382200.0,9293.24
13,383.7351749999216,-439.88031999766827,57.95,12200.0,3.38,0.8,475300.0,11500.0,499000.0,12774.2
13,388.6551749999635,-433.3903199974448,32.95,3200.0,0.16,1.01,241100.0,1300.0,245600.0,3308.84
13,391.5651749998797,-429.4803199972957,17.7,1900.0,0.14,0.56,236100.0,800.0,238800.0,1968.04
13,393.0851749998983,-427.3903199974448,9.45,1600.0,0.11,0.54,208400.0,600.0,210600.0,1661.86
13,396.13517499994487,-423.1203199978918,-7.4,4100.0,0.28,1.29,239100.0,1500.0,244700.0,4250.36
13,400.2251749999122,-417.1103199962527,-31.32,2000.0,0.12,0.7,231700.00000000003,800.0,234500.00000000003,2076.8
13,402.8351749998983,-413.1803199965507,-47.37,2600.0,0.17,0.74,231600.0,1200.0,235400.0,2687.66
13,405.2651749999495,-409.4403199963272,-62.55,1500.0,0.12,0.48,231600.0,600.0,233700.0,1558.32
13,407.5951749999076,-405.9503199979663,-76.8,45700.0,5.89,11.87,487700.00000000006,21500.0,554900.0,47580.58
14,517.0251749999588,-333.2903199978173,209.35,6100.0,0.13,1.55,238200.0,1800.0,246100.0,6249.7
14,515.6451749999542,-336.6903199963272,199.25,26800.0,0.84,5.0,401700.0,8600.0,437100.0,27346.0
14,515.1651749999728,-337.88031999766827,195.69,8600.0,0.32,1.14,314900.0,3400.0000000000005,326900.0,8743.76
14,513.7251749999123,-341.4303199965507,185.15,16299.999999999998,0.8,1.97,432500.0,7900.0,456700.0,16585.48
14,511.7251749999122,-346.36031999625266,170.53,4100.0,0.11,0.89,214800.0,1400.0000000000002,220300.0,4191.26
14,510.6551749999635,-349.0003199968487,162.7,700.0000000000001,0.03,0.16,231300.0,300.0,232300.0,717.9400000000002
14,510.1451749999542,-350.23031999729574,159.04,100.0,0.0,0.01,221900.0,100.0,222100.0,100.84
14,509.2251749999122,-352.40031999722123,152.53,8800.0,0.31,2.14,281700.0,2800.0000000000005,293300.0,9026.26
14,508.3351749998983,-354.5003199968487,146.16,10000.0,0.54,2.4,311600.0,3200.0,324800.0,10282.6
14,506.78517499996815,-358.05031999759376,135.3,8300.0,0.3,2.11,265500.0,2500.0,276300.0,8522.24
14,504.3451749999076,-363.55031999759376,118.36,8200.0,0.54,1.91,253400.0,2600.0,264200.0,8441.44
14,502.8551749999169,-366.9903199970722,107.81,2800.0000000000005,0.08,0.72,226000.0,900.0,229700.0,2872.4800000000005
15,-816.7248250000412,644.9296800028533,283.01,8200.0,0.08,1.52,154700.0,100.0,163000.0,8339.68
15,-819.8448250000365,636.8096800036728,259.57,10200.0,0.38,1.1,131000.0,2100.0,143300.0,10349.4
15,-823.0048250000691,628.6796800028533,236.14,8100.000000000001,0.2,1.51,214500.0,2700.0,225300.0,8256.84
15,-826.2548250000691,620.4896800033748,212.75,3400.0000000000005,0.08,0.94,177900.0,1100.0,182400.0,3490.9600000000005
15,-829.6548250000924,612.1296800021082,189.43,5000.0,0.13,1.28,183800.0,1700.0000000000002,190500.0,5127.02
15,-833.454825000139,603.0696800034493,166.45,1500.0,0.19,0.42,199900.0,500.0,201900.0,1563.78
15,-837.814825000125,593.0796800032258,143.95,2600.0,0.09,0.76,241900.0,900.0,245400.0,2677.34
15,-842.3948250000831,582.8496800027788,121.6,7000.0,0.59,1.83,238300.0,2200.0,247500.0,7242.22
15,-847.2248250000412,572.5296800024807,99.35,1800.0,0.07,0.44,141300.0,600.0,143700.0,1847.46
15,-852.2748250000877,562.0896800030023,77.21,2500.0,0.13,0.49,237900.0,1000.0,241400.0,2560.66
15,-857.5548250001157,551.5296800024807,55.17,4100.0,0.17,1.29,210900.0,1100.0,216100.0,4233.86
15,-863.1148250000551,540.7996800020337,33.28,12100.0,0.59,4.93,261900.0,3500.0,277500.0,12602.62
15,-868.8948250000831,529.9096800033003,11.53,19200.0,0.81,6.81,331500.0,5300.0,356000.0,19893.54
15,-874.9148250001017,518.7696800027043,-10.02,4700.0,0.16,1.63,257500.0,1300.0,263500.0,4860.92
15,-881.2148250000319,507.4296800028533,-31.39,4400.0,0.29,1.61,239100.0,1100.0,244600.0,4578.74
15,-887.8348250000272,495.7796800024808,-52.5,4000.0,0.13,1.46,218900.0,1000.0,223900.0,4142.14
15,-894.0048250000691,485.0596800036728,-71.74,5600.000000000001,0.3,5.71,205900.0,1400.0000000000002,212900.0,6124.640000000001
16,336.0951749999076,-521.8903199974447,309.4,4300.0,0.18,0.76,260200.0,1400.0000000000002,265900.0,4390.84
16,332.88517499994487,-529.8203199971467,285.91,2300.0,0.21,0.58,219300.0,1500.0,223100.0,2380.22
16,329.7351749999216,-537.6403199974447,262.37,1200.0,0.01,0.19,129600.0,1500.0,132300.0,1217.46
16,327.3951749999542,-543.3903199974447,244.95,3700.0,0.01,0.21,91300.0,5400.0,100400.0,3719.14
16,323.9951749999309,-551.5603199973702,220.08,2600.0,0.01,0.62,105200.0,1400.0000000000002,109200.0,2653.58
16,321.5651749998797,-557.2203199975193,202.76,800.0,0.01,0.22,139400.0,400.0,140600.0,819.98
16,318.38517499994487,-564.4403199963272,180.49,2600.0,0.12,0.77,217700.0,900.0,221200.0,2682.68
16,315.0551749998704,-572.0503199975938,156.91,3700.0,0.16,1.04,238700.0,1500.0,243900.0,3811.36
16,311.77517499995884,-579.6303199976683,133.32,3300.0,0.15,0.97,230600.0,1300.0,235200.0,3403.98
16,308.5051749999402,-587.2603199966252,109.74,12000.0,1.26,2.62,350700.0,5400.0,368100.0,12409.08
16,305.27517499995884,-594.9303199965507,86.16,4300.0,0.21,0.87,250900.0,1900.0,257100.0,4404.58
16,302.0351749999681,-602.7003199979663,62.62,9100.0,0.63,1.82,265100.0,3200.0,277400.0,9347.38
16,299.96517499990296,-607.6803199965507,47.59,7700.0,0.22,1.81,111200.0,2100.0,121000.0,7885.04
17,412.54517499986105,-347.3303199969232,215.43,5000.0,0.31,1.18,278100.0,1300.0,284400.0,5145.62
17,411.8751749999356,-349.0403199978173,210.54,33300.0,2.26,7.95,452900.0,10200.0,496400.0,34306.8
17,409.78517499996815,-354.2503199968487,195.69,3900.0,0.2,1.04,222100.0,1100.0,227100.0,4017.36
17,407.685174999875,-359.48031999729574,180.82,24500.0,1.66,5.94,411200.0,8000.0,443700.0,25247.96
17,405.7251749999122,-364.2503199968487,167.23,8900.0,0.26,2.28,230400.0,2600.0,241900.0,9130.52
17,402.21517499990296,-372.6003199964762,143.25,6700.0,0.45,1.54,222200.0,2100.0,231000.0,6896.86
17,398.5851749998983,-380.97031999751925,119.29,6800.000000000001,0.49,1.41,276900.0,2400.0,286100.0,6991.9400000000005
18,-554.064825000125,221.11968000233173,387.12,1100.0,0.07,1.18,274200.0,200.0,275500.0,1209.62
18,-551.034825000097,228.95968000218272,363.95,3700.0,0.06,0.59,239900.0,200.0,243800.0,3758.56
18,-547.2348250000505,239.02968000248077,335.57,8700.0,0.29,2.32,71400.0,2300.0,82400.0,8938.38
18,-544.0048250000691,247.44968000240624,312.25,3400.0000000000005,0.09,0.91,145600.0,1000.0,150000.0,3489.9400000000005
18,-540.674825000111,256.0496800020337,289.02,4000.0,0.15,1.21,212400.0,1300.0,217700.0,4124.14
18,-537.3048250001157,264.7196800019592,265.81,3700.0,0.16,0.97,237500.0,1200.0,242400.0,3805.48
18,-533.9648250000319,273.5096800029278,242.65,4700.0,0.22,1.24,248700.0,1600.0,255000.0,4837.16
18,-530.5748250001343,282.4196800030768,219.54,7400.0,0.43,1.7,244900.0,2000.0,254300.0,7607.3
18,-527.204825000139,291.6696800030768,196.56,6300.0,0.28,1.6,249100.0,1600.0,257000.0,6476.4
18,-523.674825000111,301.13968000374734,173.69,6400.0,0.47,1.61,241600.0,1700.0000000000002,249700.0,6605.74
18,-520.0248250000877,310.6496800035238,150.86,3800.0,0.25,0.94,235900.0,1000.0,240700.0,3916.46
18,-517.034825000097,318.8796800021082,131.69,9500.0,0.55,3.36,236800.0,3000.0,249300.0,9864.74
18,-514.0948250000365,327.19968000240624,112.55,9700.0,0.45,3.61,250600.0,2800.0000000000005,263100.0,10070.74
18,-510.6648250001017,337.1596800033003,89.88,4900.0,0.24,1.66,228700.0,1500.0,235100.0,5075.44
18,-507.2148250000319,347.2496800031513,67.27,8800.0,0.42,2.69,263300.0,2700.0,274800.0,9088.96
18,-503.6848250001203,357.44968000240624,44.72,4200.0,0.19,1.07,248600.0,1400.0000000000002,254200.0,4318.38
18,-500.034825000097,367.7796800024808,22.25,6300.0,0.67,1.44,235000.0,2100.0,243400.0,6521.46
18,-497.3548250000458,375.1296800021082,6.45,8200.0,0.4,1.71,281900.0,4600.0,294700.0,8403.64
19,954.575174999889,-492.2303199972957,353.94,1400.0000000000002,0.16,0.14,79700.0,600.0,81700.0,1435.7600000000002
19,951.295174999861,-500.55031999759376,330.6,3500.0,0.19,0.42,62100.0,1700.0000000000002,67300.0,3563.78
19,947.825174999889,-508.7603199966252,307.24,12300.0,0.26,0.81,80600.0,5900.0,98800.0,12407.04
19,944.2351749999216,-516.9303199965507,283.89,4800.0,0.22,0.55,85200.0,2200.0,92200.0,4879.2
19,940.7051749998936,-524.5303199980408,262.09,3000.0,0.16,0.2,82899.99999999999,2000.0,87899.99999999999,3040.8
19,936.6251749999356,-532.8503199964762,238.26,5200.0,0.36,0.23,70100.0,4600.0,79900.0,5273.32
19,934.9151749999728,-536.2103199977428,228.56,1700.0000000000002,0.56,0.14,38300.0,1100.0,41100.0,1795.7600000000002
19,930.285174999968,-544.9803199972957,203.29,2500.0,0.06,0.39,137800.0,1100.0,141400.0,2541.76
19,925.4751749999124,-553.7603199966252,177.96,1900.0,0.06,0.41,205400.0,800.0,208100.0,1943.44
19,921.3651749999262,-561.2503199968487,156.75,1400.0000000000002,0.08,0.32,227800.0,600.0,229800.0,1438.8800000000003
20,-796.454825000139,697.3096800036728,260.58,6600.0,0.53,0.44,86900.0,1200.0,94700.0,6716.46
20,-799.6148250000551,689.2796800024807,237.12,3100.0,0.35,0.11,47300.00000000001,1800.0,52200.00000000001,3161.74
20,-802.8248250001343,681.1996800024062,213.68,2300.0,0.22,0.07,45500.0,1600.0,49400.0,2338.88
20,-806.1348250000738,673.1196800023317,190.26,5400.0,0.29,0.28,134200.0,3200.0,142800.0,5467.02
20,-809.0948250000365,666.2196800019592,170.64,9800.0,0.64,0.59,168700.0,4900.0,183400.0,9945.56
20,-811.5948250000365,660.4996800031513,154.69,5800.0,0.37,0.38,102300.0,2700.0,110800.0,5887.42
20,-813.6148250000551,655.9296800028533,142.18,6400.0,0.2,1.12,143100.0,2200.0,151700.0,6524.08
20,-821.3548250000458,639.6196800023317,98.08,5400.0,0.11,1.28,171100.0,1700.0000000000002,178200.0,5524.02
20,-825.8048250001157,631.0396800022572,75.03,5000.0,0.11,1.58,187900.0,1700.0000000000002,194600.0,5149.22
20,-830.4848250000505,622.3296800032258,52.07,2500.0,0.08,0.73,171500.0,900.0,174900.0,2573.32
20,-835.3948250000831,613.5696800034493,29.17,2000.0,0.11,0.51,189800.0,700.0000000000001,192500.0,2059.34
20,-839.534825000097,606.3696800023317,10.57,1200.0,0.04,0.27,178900.0,400.0,180500.0,1228.68
20,-843.0848250000272,600.2996800020337,-4.91,1700.0000000000002,0.18,0.35,205900.0,1000.0,208600.0,1756.4000000000003
20,-850.8048250001157,587.3796800021082,-37.47,3000.0,0.11,1.22,208100.0,900.0,212000.0,3118.98
20,-853.6848250001203,582.6396800037473,-49.2,10400.0,0.6,4.09,271000.0,3400.0000000000005,284800.0,10833.56
20,-856.3448250000365,578.3196800034493,-59.81,25900.0,0.99,10.31,352000.0,8200.0,386100.0,26914.54
20,-856.9648250000319,577.2996800020337,-62.31,9200.0,0.76,4.27,288000.0,3000.0,300200.0,9672.68
20,-857.6248250000644,576.2296800035983,-64.92,23300.0,1.33,8.52,404400.0,9300.0,437000.0,24215.18
20,-860.0748250001343,572.3296800032258,-74.47,11800.0,0.68,4.79,284800.0,4000.0,300600.0,12304.36
20,-862.7648250000784,568.0696800034493,-84.92,32600.0,0.76,10.98,315900.0,9700.0,358200.0,33636.32
20,-863.6648250001017,566.6296800021082,-88.43,10000.0,0.92,2.86,255300.0,3300.0,268600.0,10378.24
20,-865.064825000125,564.4096800033003,-93.88,25800.0,4.64,7.44,399100.0,8400.0,433300.0,27120.96
20,-867.3748250000644,560.7296800035983,-102.89,16600.0,0.93,4.92,303400.0,6500.0,326500.0,17152.78
20,-871.9848250000505,553.3896800037473,-120.86,12200.0,0.58,4.89,314400.0,3400.0000000000005,330000.0,12697.76
21,775.8751749999356,-810.0103199966252,383.66,4900.0,0.17,1.26,110300.0,200.0,115400.0,5031.34
21,772.575174999889,-817.8703199978918,360.16,2500.0,0.05,0.59,40500.0,800.0,43800.0,2557.06
21,769.1251749999356,-825.7703199964017,336.7,2100.0,0.1,0.42,45599.99999999999,800.0,48499.99999999999,2150.28
21,766.4251749998657,-831.6303199976683,319.31,2600.0,0.1,0.49,57000.0,800.0,60400.0,2656.16
21,763.5151749999495,-837.9303199965507,300.98,2300.0,0.05,0.27,121600.0,1000.0,124900.0,2330.18
21,759.4551749998936,-846.9603199977428,275.75,2400.0,0.03,0.28,117700.0,1100.0,121200.0,2428.02
22,453.7251749999122,-223.11031999625263,191.23,5000.0,0.33,1.47,331100.0,1600.0,337700.0,5172.98
22,451.4051749999635,-229.2503199968487,173.21,14400.0,1.56,3.34,477200.0,5800.0,497400.0,14914.56
22,450.1751749998657,-232.37031999789176,164.08,8300.0,0.48,1.01,420000.0,6000.0,434300.0,8456.84
22,449.71517499990296,-233.5103199966252,160.7,34400.0,2.48,3.94,500000.0,15600.0,550000.0,35102.96
22,449.0151749999495,-235.22031999751923,155.68,4000.0,0.27,0.54,315200.0,1800.0,321000.0,4085.86
22,447.8151749998797,-238.0903199966997,147.2,18200.0,1.49,2.49,413400.00000000006,7500.0,439100.00000000006,18632.66
22,446.4551749998936,-241.30031999759376,137.67,27900.0,2.15,5.51,441600.0,9500.0,479000.0,28685.34
22,445.5251749999589,-243.43031999655068,131.34,12800.0,0.59,3.24,333300.0,3900.0,350000.0,13160.66
22,444.825174999889,-245.0303199980408,126.6,34600.0,4.37,7.85,474300.0,10400.0,519300.0,35914.9
22,442.5051749999402,-250.1903199963272,111.18,9100.0,0.99,1.89,290500.0,3200.0,302800.0,9407.26
22,439.71517499990296,-256.27031999640167,92.83,20700.0,2.71,2.33,481400.0,11299.999999999998,513400.0,21302.22
22,437.4251749998657,-261.1003199964762,78.26,8600.0,0.73,2.01,323700.0,3700.0,336000.0,8878.34
22,435.8151749998797,-264.5103199966252,68.11,16500.0,1.45,3.06,470700.0,7200.0,494400.0,16974.54
22,435.3151749998797,-265.5703199971467,64.99,5200.0,1.07,0.89,306400.0,2100.0,313700.0,5435.26
22,434.685174999875,-266.9103199969977,61.0,20300.0,3.48,1.95,500000.0,12000.0,532300.0,20985.8
22,433.8451749999076,-268.6703199967742,55.77,10700.0,1.19,1.71,344300.0,5500.0,360500.0,11022.14
22,431.7351749999216,-273.1603199969977,42.51,16000.0,1.42,2.67,443400.00000000006,6800.000000000001,466200.00000000006,16437.28
22,428.3451749999076,-280.27031999640167,21.44,9900.0,0.77,2.48,302100.0,3400.0000000000005,315400.0,10223.82
22,426.185174999875,-284.7403199970722,8.19,23900.0,0.72,6.76,311500.0,6800.000000000001,342200.0,24575.84
22,424.6651749999728,-287.89031999744475,-1.13,6400.0,0.29,2.48,185700.0,1800.0,193900.0,6651.82
22,422.78517499996815,-291.7803199980408,-12.56,16800.0,0.88,4.06,317600.0,4900.0,339300.0,17273.04
22,420.96517499990296,-295.5303199980408,-23.52,34600.0,1.67,7.92,417200.0,10100.0,461900.0,35515.78
22,417.6451749999542,-302.3503199964762,-43.35,8000.0,0.48,1.61,293400.0,2900.0,304300.0,8207.24
22,414.9051749999635,-307.88031999766827,-59.48,19500.0,1.53,5.3,401700.0,6400.0,427600.0,20174.7
22,414.075174999889,-309.55031999759376,-64.36,4200.0,0.15,1.1,298600.0,1400.0000000000002,304200.0,4314.9
23,131.6651749999728,52.879680002108216,238.86,3500.0,0.14,0.98,283600.0,1000.0,288100.0,3603.32
23,133.44517499988433,57.43968000262976,225.37,9600.0,0.41,2.79,386800.0,2900.0,399300.0,9895.86
23,135.31517499987967,62.22968000359833,211.2,4000.0,0.17,1.19,280400.0,1300.0,285700.0,4125.46
23,136.85517499991693,66.20968000218272,199.56,14000.0,1.16,3.0,403700.0,4500.0,422200.0,14426.0
23,138.61517499992624,70.76968000270426,186.44,3500.0,0.18,0.76,279200.0,1000.0,283700.0,3590.84
23,141.7551749999402,79.16968000307679,163.1,3600.0,0.22,0.64,287300.0,1000.0,291900.0,3686.76
23,144.11517499992624,85.73968000337481,145.49,6000.0,0.33,0.83,368000.0,2000.0,376000.0,6119.22
23,145.29517499986105,88.9996800031513,136.91,5500.0,0.18,1.26,428400.00000000006,1800.0,435700.00000000006,5632.84
23,147.4251749998657,94.81968000344932,121.74,4900.0,0.19,1.02,268600.0,1400.0000000000002,274900.0,5014.18
23,151.02517499995884,104.6696800030768,96.67,11100.000000000002,0.56,2.66,357400.0,3700.0,372200.0,11407.440000000002
23,153.18517499987502,110.56968000344932,82.05,33800.0,2.69,10.28,422200.0,10700.0,466700.0,35067.02
23,154.11517499992624,113.12968000210822,75.79,11200.000000000002,0.55,3.13,315600.0,3700.0,330500.0,11545.420000000002
23,156.46517499990296,119.54968000203372,60.23,20700.0,1.32,4.74,458000.0,8000.0,486700.0,21296.16
23,158.6751749998657,125.4696800019592,46.02,15900.0,1.0,4.87,420300.0,5100.0,441300.0,16459.08
23,159.6551749999635,128.06968000344932,39.81,7200.0,0.23,2.38,335600.0,2500.0,345300.0,7434.42
23,160.4251749998657,130.0896800030023,35.0,19200.0,0.6,6.27,410300.0,6400.0,435900.0,19816.68
23,161.4051749999635,132.68968000262976,28.85,5300.0,0.21,1.3,299500.0,1900.0,306700.0,5440.7
23,163.22517499991227,137.4896800033748,17.56,22000.0,1.61,3.87,492400.0,8900.0,523300.0,22566.58
23,166.19517499988433,145.25968000292778,-0.46,8300.0,0.64,2.51,273500.0,2700.0,284500.0,8606.84
23,168.60517499991693,151.4696800019592,-14.65,20000.0,1.41,4.05,405200.00000000006,7100.0,432300.00000000006,20551.7
23,169.5951749999076,153.9996800031513,-20.36,5800.0,0.32,1.68,249300.0,1800.0,256900.0,5989.12
23,171.56517499987967,159.0496800020337,-31.57,9200.0,0.71,2.14,302600.0,3200.0,315000.0,9486.26
23,173.36517499992624,163.77968000248077,-41.87,16800.0,2.2,5.26,399000.0,5400.0,421200.0,17571.84
23,174.36517499992624,166.39968000352383,-47.57,11200.000000000002,1.56,2.3,344099.99999999994,5699.999999999999,360999.99999999994,11627.200000000003
23,175.9251749998657,170.4996800031513,-56.5,28900.0,3.31,4.62,493000.0,13300.0,535200.0,29784.58
24,-500.45482500013895,206.3296800032258,387.71,3000.0,0.05,1.09,244700.0,100.0,247800.0,3099.06
24,-503.5248250000877,198.0796800032258,364.31,3300.0,0.03,0.28,230000.0,200.0,233500.0,3328.02
24,-506.7248250000412,189.75968000292775,340.95,2100.0,0.05,0.33,245300.0,700.0000000000001,248100.0,2135.22
24,-509.7948250001064,182.30968000367284,320.0,1700.0000000000002,0.1,0.39,232900.0,900.0,235500.0,1747.7600000000002
24,-512.9748250000412,174.80968000367284,299.08,3600.0,0.04,0.37,14300.0,1000.0,18900.0,3637.08
24,-515.2348250000505,169.62968000210822,284.94,3500.0,0.03,0.62,23100.0,1400.0000000000002,28000.0,3556.58
24,-517.034825000097,165.67968000285327,274.32,4500.0,0.13,1.37,158000.0,1500.0,164000.0,4634.58
24,-520.8648250000551,157.50968000292778,252.81,4800.0,0.06,0.99,27200.000000000004,1300.0,33300.0,4892.16
25,-880.6048250000458,756.5096800029278,283.61,4500.0,0.23,1.06,149700.0,200.0,154400.0,4623.54
25,-883.8948250000831,748.3196800034493,260.15,3600.0,0.18,0.12,55800.0,1600.0,61000.0,3637.08
25,-887.2948250001064,740.1196800023317,236.71,3300.0,0.18,0.13,49700.0,2000.0,55000.0,3337.92
25,-889.3948250000831,735.3096800036728,223.0,4700.0,0.34,0.33,105600.0,2100.0,112400.0,4778.72
25,-890.8248250001343,732.2096800021827,214.24,4800.0,0.24,0.31,67600.0,2300.0,74700.0,4862.04
25,-893.0448250001064,727.6596800033003,201.54,6400.0,0.2,0.48,122300.0,3200.0,131900.0,6470.32
25,-896.064825000125,721.7296800035983,185.16,9600.0,0.52,0.59,181200.0,5699.999999999999,196500.0,9727.56
25,-898.6948250001296,716.8396800030023,171.9,3800.0,0.17,0.27,166900.0,1600.0,172300.0,3848.18
25,-901.6948250001296,711.4696800019592,157.54,4500.0,0.14,0.38,156000.0,2000.0,162500.0,4552.92
25,-906.8648250000552,702.5396800022572,134.77,3500.0,0.33,0.28,146200.0,1400.0000000000002,151100.0,3573.02
25,-911.2548250000692,695.3196800034493,116.81,3300.0,0.11,0.31,156800.0,1500.0,161600.0,3342.54
25,-916.1848250001204,687.4696800019592,97.49,900.0,0.02,0.13,181000.0,400.0,182300.0,913.92
25,-921.454825000139,679.3696800023317,77.81,1700.0000000000002,0.07,0.3,161400.0,600.0,163700.0,1735.7000000000003
25,-926.564825000125,671.7296800035983,59.6,5400.0,0.17,1.2,188700.0,2000.0,196100.0,5526.3
25,-933.0448250001064,662.2496800031513,37.34,1700.0000000000002,0.08,0.3,137300.0,600.0,139600.0,1737.2000000000003
25,-937.6448250000832,655.6496800035238,22.05,9600.0,0.16,2.41,134600.0,3100.0,147300.0,9826.44
25,-940.4048250000924,651.7696800027043,13.14,11700.0,0.24,1.25,290800.0,5900.0,308400.0,11841.0
25,-945.5448250001064,644.6496800035238,-3.14,1500.0,0.05,0.56,226300.0,500.0,228300.0,1554.54
25,-950.6448250000832,637.5796800032258,-18.89,8100.000000000001,0.75,2.79,331800.0,3100.0,343000.0,8446.86
25,-955.6448250000832,630.6896800026298,-33.98,2500.0,0.08,0.94,216900.0,900.0,220300.0,2590.96
25,-963.0248250000876,620.7596800029278,-55.7,6000.0,0.2,2.34,242800.0,1700.0000000000002,250500.0,6226.56
25,-969.6948250001296,611.9296800028533,-74.8,7700.0,0.29,2.87,235400.0,2400.0,245500.0,7984.58
25,-976.7648250000784,602.5096800029278,-95.05,7900.0,0.26,2.52,230000.0,2300.0,240200.0,8150.68
26,781.1751749998657,-756.7003199979663,385.33,5000.0,0.19,0.98,144400.0,100.0,149500.0,5110.82
26,778.795174999861,-762.1703199967742,369.41,1900.0,0.12,0.46,58900.0,600.0,61400.0,1956.64
26,776.9451749998843,-766.2503199968487,357.58,15700.0,0.85,3.74,91100.0,5200.0,112000.0,16141.66
26,774.9051749999635,-770.7803199980408,344.5,3700.0,0.31,0.93,66400.0,1200.0,71300.0,3824.62
26,772.2251749999123,-776.7403199970722,327.35,10200.0,0.64,2.52,82400.0,3500.0,96100.0,10507.68
26,768.435174999875,-784.9103199969977,304.03,4800.0,0.25,0.81,64000.0,2000.0,70800.0,4905.54
26,764.8551749999169,-792.3803199976683,283.11,6800.000000000001,0.26,1.43,68400.0,2200.0,77400.0,6959.120000000001
26,761.4251749998657,-799.4003199972212,263.83,5000.0,0.1,1.06,48700.0,1700.0000000000002,55400.0,5104.04
26,758.715174999903,-804.9003199972212,248.97,1300.0,0.03,0.27,88500.0,500.0,90300.0,1327.18
26,751.1651749999728,-820.0403199978173,209.09,2000.0,0.03,0.24,119600.0,800.0,122400.0,2024.66
26,746.7251749999123,-829.0703199971467,186.2,1500.0,0.05,0.15,96500.0,900.0,98900.0,1520.1
26,742.2751749999588,-838.2903199978173,163.39,1400.0000000000002,0.09,0.09,131700.0,1200.0,134300.0,1421.0600000000002
26,737.9151749999728,-847.7203199975193,140.66,1000.0,0.04,0.08,127300.0,700.0000000000001,129000.0,1012.72
26,733.545174999861,-857.3003199975938,117.98,1600.0,0.09,0.15,137100.0,1100.0,139800.0,1626.1
26,729.1351749999449,-866.9703199975193,95.35,1900.0,0.08,0.16,122400.0,1300.0,125600.0,1925.44
26,725.185174999875,-875.7303199972957,75.15,600.0,0.02,0.12,131400.0,400.0,132400.0,613.08
27,-469.7548250000691,154.51968000270426,387.51,2000.0,0.24,1.25,151800.0,200.0,154000.0,2141.0
27,-473.1548250000924,146.4096800033003,363.14,2700.0,0.06,0.95,298300.0,300.0,301300.0,2788.8
27,-476.70482500013895,138.2396800033748,339.18,1200.0,0.02,0.49,393400.00000000006,300.0,394900.00000000006,1244.16
27,-480.2948250001064,130.06968000344932,315.59,1400.0000000000002,0.04,0.44,390200.00000000006,500.0,392100.00000000006,1442.9600000000003
27,-482.70482500013895,124.42968000285327,299.67,400.0,0.02,0.14,187800.0,200.0,188400.0,414.76
27,-484.70482500013895,119.63968000374734,286.48,3700.0,0.05,0.93,335200.00000000006,1000.0,339900.00000000006,3785.62
27,-487.8448250000365,112.04968000203372,265.83,2400.0,0.06,0.58,253300.0,700.0000000000001,256400.0,2457.72
27,-491.3248250001343,103.43968000262976,242.62,2800.0000000000005,0.08,0.71,223700.0,800.0,227300.0,2871.6400000000003
27,-494.7348250000505,94.8296800032258,219.4,3100.0,0.11,0.74,266400.0,900.0,270400.0,3178.66
27,-497.38482500007376,88.01968000270426,201.18,3600.0,0.15,0.87,270600.0,1100.0,275300.0,3695.58
28,-534.5448250001064,270.88968000374734,387.98,1900.0,0.2,1.85,251800.0,400.0,254100.0,2085.4
28,-531.674825000111,279.0696800034493,364.53,3000.0,0.15,0.68,267400.0,100.0,270500.0,3079.62
28,-529.3248250001343,285.88968000374734,345.13,4300.0,0.22,1.48,269300.0,200.0,273800.0,4457.32
28,-526.4048250000924,294.61968000233173,321.03,10700.0,0.7,2.57,347800.0,3300.0,361800.0,11020.88
28,-524.6248250000644,300.0796800032258,306.2,9800.0,0.44,2.2,318600.0,3100.0,331500.0,10050.8
28,-521.9348250001203,308.8196800034493,282.53,5699.999999999999,0.27,1.64,270400.0,1900.0,278000.0,5878.259999999999
28,-519.424825000111,317.69968000240624,258.36,5900.0,0.25,1.64,242900.0,2000.0,250800.0,6075.26
28,-517.1648250001017,325.61968000233173,237.07,4000.0,0.15,1.34,240100.00000000003,1400.0000000000002,245500.00000000003,4135.06
29,897.325174999889,-596.4703199975193,349.16,6000.0,0.17,1.59,246700.00000000003,1900.0,254600.00000000003,6159.06
29,893.9751749999123,-604.6003199964762,325.95,1800.0,0.06,0.46,217500.0,600.0,219900.0,1847.64
29,891.465174999903,-610.6903199963272,308.69,1400.0000000000002,0.02,0.36,190200.0,400.0,192000.0,1433.2400000000002
29,889.9951749999309,-614.1803199965507,298.79,5800.0,0.06,1.15,220800.0,1900.0,228500.0,5905.6
29,887.6351749999449,-619.8403199966997,282.8,1400.0000000000002,0.02,0.32,191200.0,500.0,193100.0,1429.8800000000003
29,884.9951749999309,-626.1603199969977,265.21,600.0,0.02,0.16,249800.0,200.0,250600.0,616.44
29,878.7351749999216,-641.5203199964017,223.67,4300.0,0.2,1.13,265300.0,1400.0000000000002,271000.0,4424.92
29,875.6051749999169,-649.1203199978918,203.16,6899.999999999999,0.27,1.82,286900.0,2200.0,296000.0,7093.379999999999
29,872.045174999861,-657.7203199975193,179.96,2900.0,0.14,0.77,257700.0,1000.0,261600.0,2985.68
29,868.465174999903,-666.2903199978173,156.74,6800.000000000001,0.37,1.82,268400.0,2300.0,277500.0,7008.380000000001
29,865.295174999861,-673.8703199978918,136.12,3500.0,0.18,1.0,226700.00000000003,1200.0,231400.00000000003,3611.0
29,863.1951749998843,-678.9303199965507,122.35,7600.0,0.46,2.14,295900.0,2700.0,306200.0,7848.76
29,860.5251749999588,-685.4103199969977,104.71,5100.0,0.26,1.43,249800.0,1800.0,256700.0,5259.12
29,856.965174999903,-693.9303199965507,81.48,4000.0,0.29,1.18,254500.0,1300.0,259800.0,4142.62
29,853.3851749999449,-702.4603199977428,58.25,6400.0,0.41,1.71,225700.0,2200.0,234300.0,6605.14
29,849.7851749999681,-710.9703199975193,35.03,8300.0,0.28,2.32,247200.0,2700.0,258200.0,8536.88
29,846.1451749999542,-719.5303199980408,11.82,2700.0,0.22,0.73,271100.0,900.0,274700.0,2794.32
29,843.6451749999542,-725.3003199975938,-3.87,12200.0,0.69,3.34,318300.0,4400.0,334900.0,12584.06
29,842.0551749998704,-728.9303199965507,-13.75,10100.0,0.56,2.43,303700.0,3800.0,317600.0,10388.12
29,840.6351749999449,-732.1203199978918,-22.45,8900.0,0.43,1.78,247100.0,3400.0000000000005,259400.0,9114.02
29,838.4751749999123,-737.0403199978173,-35.78,1600.0,0.07,0.47,246600.0,600.0,248800.0,1649.98
29,836.4251749998657,-741.7503199968487,-48.51,14500.0,0.61,5.36,354700.0,4700.0,373900.0,15041.74
29,835.1051749999169,-744.8203199971467,-56.76,6899.999999999999,0.24,2.14,165700.0,2300.0,174900.0,7115.759999999999
30,-312.6848250001203,560.3596800025553,251.52,10100.0,0.77,0.61,82500.0,1600.0,94200.0,10266.74
30,-315.05482500011567,553.3596800025553,232.07,4200.0,0.75,1.23,44200.0,1600.0,50000.0,4415.82
30,-317.314825000125,547.2696800027043,215.07,300.0,0.01,0.03,27900.0,300.0,28500.0,304.02
30,-319.924825000111,540.6696800030768,196.91,700.0000000000001,0.11,0.12,32700.0,300.0,33700.0,726.5800000000002
30,-323.13482500007376,533.0196800027043,176.32,300.0,0.03,0.09,14300.0,200.0,14800.0,312.06
30,-325.814825000125,526.9396800026298,160.05,1700.0000000000002,0.06,0.13,103500.0,1000.0,106200.0,1719.9200000000003
30,-329.77482500008773,518.3596800025553,136.9,2100.0,0.07,0.2,95800.0,1400.0000000000002,99300.0,2127.3
30,-333.94482500012964,509.76968000270426,113.8,2500.0,0.07,0.35,98500.0,1100.0,102100.0,2539.9
30,-336.814825000125,504.13968000374734,98.97,2100.0,0.03,0.39,92500.0,800.0,95400.0,2137.26
30,-341.7348250000505,495.1196800023317,75.26,2600.0,0.15,0.18,42400.0,1000.0,46000.0,2637.62
30,-346.924825000111,486.2796800024808,52.22,800.0,0.03,0.09,47800.0,300.0,48900.0,812.06
30,-352.52482500008773,477.2396800033748,29.36,6700.0,0.14,0.67,100800.0,2500.0,110000.0,6777.28
30,-358.4348250001203,467.9296800028533,6.28,4900.0,0.17,0.45,164100.0,1900.0,170900.0,4963.3
30,-363.63482500007376,460.1196800023317,-13.01,2100.0,0.05,0.31,104300.0,700.0000000000001,107100.0,2133.54
31,496.8751749999356,-659.9503199979663,350.13,2200.0,0.14,0.39,116200.0,1400.0000000000002,119800.0,2253.76
31,517.795174999861,-614.1803199965507,211.06,8700.0,0.41,1.63,213700.0,3400.0000000000005,225800.0,8898.42
31,521.5851749998983,-606.5703199971467,187.55,18900.0,0.51,4.32,219500.0,6000.0,244400.0,19339.38
31,525.4951749999309,-599.0803199969232,164.02,18700.0,0.5,4.46,220200.0,5800.0,244700.0,19149.64
31,528.8151749998797,-592.9303199965507,144.64,6300.0,0.54,1.18,216000.0,3000.0,225300.0,6480.12
31,537.7851749999681,-576.8003199975938,94.29,5600.000000000001,0.27,0.61,242900.0,4600.0,253100.0,5691.740000000001
32,-1012.1548250000924,695.9596800021827,280.29,2400.0,0.05,0.41,168800.0,400.0,171600.0,2441.94
32,-1013.714825000032,691.8996800035238,271.2,5000.0,0.24,1.28,256200.0,1800.0,263000.0,5143.52
32,-1016.204825000139,685.4696800019592,256.85,3100.0,0.09,1.02,183600.0,1300.0,188000.0,3199.18
32,-1019.064825000125,678.1196800023317,240.5,2300.0,0.08,0.77,192200.0,800.0,195300.0,2376.68
32,-1020.424825000111,674.6596800033003,232.85,3700.0,0.1,1.07,209100.0,1300.0,214100.0,3804.88
32,-1023.1848250001204,667.6796800028533,217.66,2900.0,0.12,0.99,307100.0,1000.0,311000.0,3001.16
32,-1026.1648250001017,660.3796800021082,202.09,5300.0,0.28,2.11,339799.99999999994,1700.0000000000002,346799.99999999994,5519.24
32,-1029.3048250001157,652.9496800024062,186.62,4100.0,0.15,1.73,269900.0,1400.0000000000002,275400.0,4267.82
32,-1033.9948250000598,642.0696800034493,164.6,6500.0,0.51,2.72,266700.0,2300.0,275500.0,6804.98
32,-1038.8348250000272,631.1096800025553,142.66,7600.0,0.26,2.89,267300.0,2600.0,277500.0,7881.76
32,-1041.9148250001017,624.3396800030023,129.23,22800.0,1.08,8.32,394000.0,8500.0,425300.0,23660.88
32,-1047.1148250000551,613.3096800036728,107.61,2300.0,0.05,0.47,284000.0,800.0,287100.0,2346.98
32,-1057.4448250001296,592.7396800033748,68.19,4900.0,0.03,1.4,10000.0,1300.0,16200.0,5022.1
32,-1067.0948250000365,574.2496800031513,34.12,24300.0,0.16,4.95,14800.0,6400.0,45500.0,24739.8
33,434.7451749999309,-689.2503199968487,346.67,2900.0,0.18,0.68,132000.0,1200.0,136100.0,2984.12
33,437.1051749999169,-682.8703199978918,328.55,6600.0,0.13,1.61,226100.0,2300.0,235000.0,6754.74
33,440.29517499986105,-674.6603199969977,305.16,3200.0,0.11,0.62,238500.0,1000.0,242700.0,3268.58
33,442.2451749999309,-669.7003199979663,291.03,6800.000000000001,0.45,1.11,190700.0,4000.0,201500.0,6960.740000000001
33,444.5951749999076,-663.8303199969232,274.25,60199.99999999999,5.53,15.38,130300.0,20700.0,211200.0,62321.41999999999
33,447.4051749999635,-657.1203199978918,254.98,5100.0,0.13,0.78,198300.0,2500.0,205900.0,5185.02
33,451.7251749999122,-647.0903199966997,225.84,3600.0,0.19,0.94,249100.0,1300.0,254000.0,3707.46
33,455.2751749999589,-639.0603199973702,202.43,3100.0,0.13,0.95,242500.0,1100.0,246700.0,3199.3
33,458.8151749998797,-631.2003199979663,179.33,6600.0,0.86,1.75,326100.0,3100.0,335800.0,6876.0
33,460.8051749998704,-626.8503199964762,166.52,15300.0,3.08,3.14,422500.0,9200.0,447000.0,16025.76
33,462.8751749999356,-622.4003199972212,153.39,5300.0,0.28,1.1,250500.0,2500.0,258300.0,5434.4
33,466.61517499992624,-614.5403199978173,129.95,4300.0,0.29,0.93,253200.0,2400.0,259900.0,4421.62
33,469.28517499996815,-609.0803199969232,113.75,3900.0,0.11,1.09,187600.00000000003,1400.0000000000002,192900.00000000003,4008.06
34,-237.23482500005048,485.1296800021082,245.22,900.0,0.02,0.1,50599.99999999999,400.0,51899.99999999999,911.4
34,-240.52482500008773,476.7096800021827,221.91,400.0,0.02,0.04,39400.0,300.0,40100.0,406.36
34,-243.95482500013892,468.2996800020337,198.62,300.0,0.04,0.04,27600.0,200.0,28100.0,309.36
34,-246.3248250001343,462.69968000240624,183.15,900.0,0.09,0.08,32200.000000000004,600.0,33700.0,920.22
34,-248.78482500009704,457.0896800030023,167.69,2600.0,0.19,0.16,114200.0,1800.0,118600.0,2641.94
34,-252.5048250000691,448.68968000262976,144.45,2000.0,0.08,0.11,87899.99999999999,1400.0000000000002,91299.99999999999,2021.24
34,-256.3248250001343,440.18968000262976,121.25,2400.0,0.05,0.24,120700.0,900.0,124000.0,2427.66
34,-259.3248250001343,433.6196800023317,103.54,4300.0,0.83,0.79,120200.0,1600.0,126100.0,4490.86
34,-262.61482500005513,426.7096800021827,85.44,1200.0,0.06,0.07,55000.0,600.0,56800.0,1214.88
34,-267.21482500003185,417.4696800019592,61.52,400.0,0.11,0.04,40400.0,200.0,41000.0,419.86
34,-270.9948250000598,410.0896800030023,42.47,3100.0,0.05,0.4,118800.0,1000.0,122900.0,3141.1
34,-274.7048250001389,402.8996800035238,23.91,2100.0,0.09,0.23,101100.0,800.0,104000.0,2132.82
34,-278.2248250000412,396.4996800031513,7.1,7600.0,0.62,1.03,123700.0,2600.0,133900.0,7779.52
34,-281.4148250001017,391.0496800020337,-7.19,2200.0,0.04,0.38,138600.0,800.0,141600.0,2237.92
34,-286.21482500003185,383.2796800024808,-27.53,600.0,0.02,0.14,280800.0,200.0,281600.0,614.76
34,-290.4848250000505,376.5496800020337,-44.94,1600.0,0.06,0.32,272500.0,700.0000000000001,274800.0,1635.88
34,-294.0148250000784,371.0496800020337,-59.09,6100.0,0.21,1.84,212400.0,1900.0,220400.0,6286.06
34,-297.1548250000924,366.22968000359833,-71.41,11399.999999999998,0.61,2.89,296100.0,3500.0,311000.0,11734.259999999998
34,-299.88482500007376,362.0896800030023,-81.87,3600.0,0.07,1.22,210000.0,1100.0,214700.0,3712.98
34,-302.52482500008773,358.1296800021082,-91.81,3000.0,0.08,0.78,248900.0,1000.0,252900.0,3077.52
34,-303.8248250001343,356.2096800021827,-96.63,23900.0,0.93,6.59,421300.0,7300.0,452500.0,24593.06
34,-307.2048250001389,351.26968000270426,-108.98,3600.0,0.12,1.12,168900.0,1100.0,173600.0,3712.08
34,-313.37482500006445,342.3996800035238,-130.78,900.0,0.05,0.38,138100.0,400.0,139400.0,939.42
34,-317.1648250001017,337.0496800020337,-143.74,22300.0,0.64,5.29,295300.0,7800.0,325400.0,22840.36
34,-318.5848250000272,335.0396800022572,-148.57,1100.0,0.08,0.38,177200.0,500.0,178800.0,1143.92
34,-322.63482500007376,329.3996800035238,-162.12,5900.0,0.4,1.66,253000.0,2000.0,260900.0,6099.44
34,-327.37482500006445,322.7096800021827,-177.98,500.0,0.02,0.17,302000.0,200.0,302700.0,517.28
34,-329.3948250000831,319.8496800027788,-184.69,9300.0,0.35,2.59,323200.0,3200.0,335700.0,9570.06
34,-330.3948250000831,318.43968000262976,-187.99,9600.0,0.45,2.33,444700.0,3400.0000000000005,457700.0,9863.22
34,-331.6448250000831,316.6796800028533,-192.08,4200.0,0.14,1.01,307800.0,1600.0,313600.0,4305.84
34,-333.05482500011567,314.72968000359833,-196.61,14900.0,1.45,3.58,370400.0,5300.0,390600.0,15418.22
34,-334.0448250001064,313.3396800030023,-199.81,14700.0,1.03,3.54,295500.0,5200.0,315400.0,15151.86
34,-335.9048250000924,310.7596800029278,-205.71,14000.0,1.03,2.26,435600.0,6600.0,456200.0,14344.34
34,-340.8448250000365,303.9296800028533,-221.13,7400.0,0.48,1.67,307400.0,2900.0,317700.0,7612.28
34,-348.2048250001389,294.0996800027788,-242.9,3600.0,0.17,0.93,238800.0,1200.0,243600.0,3703.62
34,-356.064825000125,284.1496800035238,-264.44,5300.0,0.25,1.3,234600.0,1800.0,241700.0,5446.7
34,-362.1548250000924,276.47968000359833,-280.93,5400.0,0.28,1.83,198600.0,1700.0000000000002,205700.0,5595.72
35,221.4951749999309,249.9196800030768,145.79,600.0,0.01,0.14,254500.0,300.0,255400.0,613.26
35,219.2551749999402,244.5496800020337,131.97,1200.0,0.03,0.27,251500.0,400.0,253100.0,1227.18
35,217.71517499990296,240.86968000233173,122.56,3400.0000000000005,0.09,0.85,206200.0,1100.0,210700.0,3484.9000000000005
35,214.62517499993555,233.4996800031513,103.73,4300.0,0.18,0.94,245900.0,1400.0000000000002,251600.0,4405.96
35,212.39517499995415,228.26968000270423,90.36,600.0,0.01,0.14,204600.0,200.0,205400.0,613.26
35,210.1751749998657,223.10968000255525,77.21,2600.0,0.07,0.61,229500.0,900.0,233000.0,2661.74
35,207.94517499988436,217.9196800030768,63.89,700.0000000000001,0.02,0.18,197100.0,200.0,198000.0,718.1200000000001
35,205.7351749999216,212.7496800031513,50.55,5500.0,0.18,1.33,240100.00000000003,1700.0000000000002,247300.00000000003,5638.72
35,203.31517499987967,207.1696800030768,36.16,6200.0,0.18,1.34,294300.0,2100.0,302600.0,6339.56
35,202.54517499986105,205.4196800030768,31.63,35900.0,1.57,7.72,489200.0,11800.0,536900.0,36783.98
35,200.3051749998704,200.3196800034493,18.48,7300.0,0.15,1.75,248000.0,2500.0,257800.0,7469.5
35,196.3351749998983,191.3396800030023,-4.51,4600.0,0.63,1.35,242200.0,1400.0000000000002,248200.0,4807.9
35,192.27517499995884,182.42968000285327,-27.52,7300.0,0.17,2.0,241300.0,2000.0,250600.0,7493.5
35,189.39517499995415,176.28968000225723,-43.5,4000.0,0.19,1.24,249100.0,1200.0,254300.0,4132.66
35,187.78517499996812,172.94968000240624,-52.18,44100.0,1.23,11.54,391200.0,13300.0,448600.0,45253.86
35,185.6751749998657,168.6696800030768,-63.33,2000.0,0.09,0.61,264400.0,700.0000000000001,267100.0,2064.74
35,183.12517499993555,163.4996800031513,-76.77,30100.0,1.1,8.34,495300.0,10400.0,535800.0,30965.56
35,179.6751749998657,156.5896800030023,-94.76,3700.0,0.09,1.11,186700.00000000003,1200.0,191600.00000000003,3806.74
35,175.2551749999402,147.7496800031513,-117.72,7700.0,0.71,2.29,258800.0,2400.0,268900.0,7998.86
35,170.8851749999449,138.92968000285327,-140.7,5000.0,0.15,1.5,263000.0,1700.0000000000002,269700.0,5148.5
35,166.8351749998983,130.68968000262976,-162.14,1300.0,0.1,0.43,217200.0,400.0,218900.0,1351.12
36,-708.0548250001157,644.7096800021827,275.66,10600.0,0.32,0.82,112100.0,300.0,123000.0,10716.88
36,-710.9748250000412,637.3296800032258,253.89,4200.0,0.04,0.48,62100.0,1100.0,67400.0,4246.32
36,-714.064825000125,629.9496800024062,232.14,1500.0,0.1,0.11,106600.0,600.0,108700.0,1524.24
36,-717.7248250000412,621.8996800035238,208.76,5699.999999999999,0.17,0.79,117600.0,2000.0,125300.0,5791.859999999999
36,-721.2348250000505,614.6996800024062,188.19,4200.0,0.15,0.39,160100.00000000003,1800.0,166100.00000000003,4255.26
36,-723.5248250000877,610.1996800024062,175.48,36000.0,0.56,3.0,406500.0,17800.0,460300.0,36336.0
36,-724.784825000097,607.7796800024807,168.76,4900.0,0.22,0.9,186400.0,1700.0000000000002,193000.0,5008.6
36,-725.8448250000365,605.7696800027043,163.21,3300.0,0.14,0.6,136300.0,1200.0,140800.0,3371.4
36,-728.2948250001064,601.1696800030768,150.65,8300.0,0.43,1.43,138300.0,3000.0,149600.0,8484.62
36,-732.7148250000319,593.2396800033748,129.24,8100.000000000001,0.19,1.44,245400.0,2900.0,256400.0,8249.460000000001
36,-737.7648250000784,584.6396800037473,106.32,4900.0,0.18,1.28,209800.0,1700.0000000000002,216400.0,5034.52
36,-743.0148250000784,576.0496800020337,83.43,1500.0,0.06,0.54,176900.0,600.0,179000.0,1554.36
36,-746.6048250000458,570.4296800028533,68.45,2400.0,0.07,0.73,186000.0,1000.0,189400.0,2471.82
36,-748.2648250000784,567.8796800021082,61.7,900.0,0.03,0.32,152700.0,300.0,153900.0,931.38
36,-749.8348250000272,565.4996800031513,55.45,6800.000000000001,0.13,1.75,222200.0,2200.0,231200.0,6966.500000000001
36,-751.0148250000784,563.7296800035983,50.84,2100.0,0.08,0.45,380600.0,800.0,383500.0,2149.8
36,-753.7148250000319,559.6896800026298,40.39,2200.0,0.07,0.43,346100.0,900.0,349200.0,2246.62
36,-760.034825000097,550.3496800027788,16.55,5200.0,0.33,1.41,188200.0,1700.0000000000002,195100.0,5367.94
36,-763.8448250000365,544.8296800032258,2.66,2300.0,0.09,0.7,202500.0,700.0000000000001,205500.0,2372.3
36,-766.9048250000924,540.4896800033748,-8.19,3800.0,0.13,1.24,238000.0,1400.0000000000002,243200.0,3923.66
36,-770.784825000097,535.0896800030023,-21.58,3800.0,0.12,1.58,223000.0,1000.0,227800.0,3950.72
36,-776.0448250001064,527.7896800022572,-39.44,2400.0,0.05,1.18,194800.0,700.0000000000001,197900.0,2506.62
36,-780.5248250000877,521.6296800021082,-54.3,2700.0,0.06,1.82,234400.0,800.0,237900.0,2861.88
36,-782.2648250000784,519.2696800027043,-59.99,20400.0,1.21,9.58,315500.0,5699.999999999999,341600.0,21386.22
36,-784.0548250001157,516.8696800023317,-65.76,14700.0,1.09,6.04,281000.0,4100.0,299800.0,15370.86
36,-785.8448250000365,514.4896800033748,-71.48,23500.0,1.16,8.86,358100.0,6899.999999999999,388500.0,24418.24
36,-790.7648250000784,508.0396800022572,-86.93,14600.0,0.76,5.65,298700.0,4000.0,317300.0,15188.6
36,-798.6548250000924,497.8396800030023,-110.88,16700.0,0.77,6.4,314600.0,4400.0,335700.0,17353.1
37,-95.72482500004116,293.68968000262976,222.43,1900.0,0.06,0.39,98100.0,700.0000000000001,100700.0,1941.76
37,-99.03482500009704,284.5996800027788,198.09,8000.0,0.23,1.23,209600.0,2900.0,220500.0,8137.82
37,-102.51482500007842,275.2396800033748,173.42,1400.0000000000002,0.04,0.31,240100.00000000003,500.0,242000.00000000003,1432.0400000000002
37,-106.01482500007842,265.93968000262976,149.59,1900.0,0.05,0.47,260500.0,700.0000000000001,263100.0,1946.98
37,-109.3248250001343,257.0996800027788,128.18,4200.0,0.06,0.91,258400.0,1300.0,263900.0,4285.44
37,-111.61482500005512,250.9896800033748,113.62,5900.0,0.08,2.01,190500.0,1800.0,198200.0,6080.84
37,-113.9148250001017,244.94968000240624,99.37,5200.0,0.16,1.14,269500.0,1800.0,276500.0,5319.76
38,-81.44482500012964,328.6296800021082,223.35,500.0,0.05,0.04,54700.0,400.0,55600.0,510.86
38,-83.64482500008307,322.35968000255525,205.56,1900.0,0.13,0.19,46300.0,1200.0,49400.0,1935.46
38,-87.65482500009239,311.5096800029278,174.76,600.0,0.02,0.07,67600.0,300.0,68500.0,608.88
38,-89.29482500010636,307.2596800029278,162.77,1700.0000000000002,0.09,0.3,99400.0,600.0,101700.0,1738.7000000000003
38,-91.12482500006443,302.63968000374734,149.92,5400.0,0.15,1.0,67800.0,1800.0,75000.0,5506.5
38,-93.28482500009704,297.3996800035238,135.47,9000.0,0.2,1.28,156100.0,3000.0,168100.0,9137.52
38,-95.04482500010636,293.13968000374734,123.93,6600.0,0.11,1.14,116700.0,2200.0,125500.0,6712.26
38,-97.18482500012033,288.0896800030023,110.45,7700.0,0.51,1.67,240500.0,2600.0,250800.0,7916.78
38,-99.7548250000691,282.11968000233173,94.77,8800.0,0.09,1.44,210700.0,3100.0,222600.0,8934.46
38,-100.71482500003184,279.88968000374734,88.96,5800.0,0.21,1.0,278300.0,2500.0,286600.0,5915.5
38,-103.13482500007376,274.3296800032258,74.49,1700.0000000000002,0.18,0.35,217800.0,600.0,220100.0,1756.4000000000003
38,-107.39482500008307,264.76968000270426,50.01,2900.0,0.09,0.58,255300.0,1000.0,259200.0,2962.22
38,-109.93482500012033,259.1796800028533,36.09,3200.0,0.02,0.7,189600.0,1100.0,193900.0,3261.8
38,-111.22482500004116,256.38968000374734,29.19,2500.0,0.03,0.66,239100.0,800.0,242400.0,2559.94
38,-113.0848250000272,252.36968000233173,19.37,3000.0,0.06,0.87,198200.0,1000.0,202200.0,3082.08
38,-118.4948250000598,241.0496800020337,-8.02,3100.0,0.02,0.89,194000.0,900.0,198000.0,3177.76
38,-123.2548250000691,231.5496800020337,-30.65,3500.0,0.32,0.87,248500.0,1100.0,253100.0,3621.08
38,-126.46482500003184,225.26968000270423,-45.54,5100.0,0.15,1.43,270400.0,1600.0,277100.0,5242.62
38,-127.59482500003652,223.0796800032258,-50.73,29600.0,0.84,10.25,415300.0,10500.0,455400.0,30587.0
38,-148.37482500006445,184.2196800019592,-142.92,4600.0,0.17,1.17,203500.0,2000.0,210100.0,4723.78
38,-154.7448250000598,173.59968000277877,-167.17,4100.0,0.16,0.99,248800.0,1700.0000000000002,254600.0,4207.16
39,601.0651749998797,-668.5703199971467,331.12,2900.0,0.18,0.57,279800.0,1300.0,284000.0,2974.88
39,599.935174999875,-671.6203199978918,324.12,2600.0,0.11,0.62,309300.0,1100.0,313000.0,2668.58
39,597.8351749998983,-677.3003199975938,311.19,4800.0,0.39,1.0,246100.0,2000.0,252900.0,4942.5
39,594.5951749999076,-686.0503199975938,291.51,17600.0,1.24,3.61,336000.0,8000.0,361600.0,18089.24
39,590.435174999875,-697.0803199969232,266.95,9400.0,1.82,3.14,162600.00000000003,3300.0,175300.00000000003,9936.76
40,394.4151749999728,-522.3903199974447,309.17,15000.0,1.08,0.63,386800.0,13899.999999999998,415700.0,15214.92
40,396.7551749999402,-516.4203199967742,292.7,10700.0,1.1,0.6,434100.0,10400.0,455200.0,10915.4
40,399.2351749999216,-510.4503199979663,276.25,2900.0,0.17,0.56,237900.0,1800.0,242600.0,2972.54
40,402.0651749998797,-504.02031999640167,258.52,4900.0,0.4,0.95,264600.0,2900.0,272400.0,5039.8
40,404.3551749999169,-498.9203199967742,244.36,600.0,0.03,0.18,208300.0,300.0,209200.0,619.62
40,406.2051749998936,-494.8603199962527,233.08,7200.0,0.65,1.44,260900.0,4500.0,272600.0,7418.46
40,407.4851749999216,-492.1403199974448,225.48,400.0,0.05,0.12,231300.0,200.0,231900.0,417.58
40,410.2651749999495,-486.3903199974448,209.51,9000.0,1.09,2.65,240100.00000000003,4900.0,254000.00000000003,9386.1
40,414.5551749998704,-477.9903199970722,186.36,2600.0,0.17,0.73,226800.0,1100.0,230500.0,2686.82
40,418.9851749999216,-469.6003199964762,163.23,4300.0,0.23,1.26,209500.0,1600.0,215400.0,4440.34
40,423.5851749998983,-461.30031999759376,140.1,2900.0,0.48,0.77,234800.0,1300.0,239000.0,3036.68
40,428.325174999889,-453.1503199972212,117.35,3700.0,0.22,0.83,222200.0,1800.0,227700.0,3802.72
40,431.5551749998704,-447.77031999640167,102.31,2400.0,0.21,0.6,237900.0,1000.0,241300.0,2481.9
40,434.88517499994487,-442.31031999737024,86.91,4400.0,0.15,1.15,215200.0,1700.0000000000002,221300.0,4519.1
40,439.1751749998657,-435.3603199962527,67.37,11299.999999999998,0.24,3.25,145800.0,3600.0,160700.0,11608.999999999998
40,445.61517499992624,-425.2903199978173,39.23,14500.0,1.13,4.65,122500.0,5000.0,142000.0,15060.1
40,448.2551749999402,-421.2303199972957,27.95,1100.0,0.06,0.32,179300.0,400.0,180800.0,1135.88
41,771.9051749999635,-506.88031999766827,317.47,7800.0,0.24,2.21,309600.0,2300.0,319700.0,8021.64
41,769.7051749998936,-512.4103199969977,300.83,3700.0,0.14,1.1,160000.0,1100.0,164800.0,3813.4
41,767.2651749999495,-518.5603199973702,282.62,1900.0,0.03,0.48,171300.0,600.0,173800.0,1944.82
41,765.8451749999076,-522.1003199964762,272.25,800.0,0.03,0.11,199900.0,400.0,201100.0,813.74
41,763.4251749998657,-527.7203199975193,255.45,1800.0,0.04,0.38,188500.0,600.0,190900.0,1837.92
41,759.6651749999728,-535.8403199966997,230.83,1700.0000000000002,0.05,0.38,247200.0,600.0,249500.0,1739.4200000000003
41,755.8951749999542,-543.5903199966997,207.36,1500.0,0.04,0.43,260000.0,500.0,262000.0,1542.12
41,752.7851749999681,-549.9103199969977,188.14,1600.0,0.05,0.47,224200.00000000003,600.0,226400.00000000003,1646.98
41,750.215174999903,-554.9803199972957,172.7,500.0,0.02,0.15,186800.0,200.0,187500.0,515.6
41,746.215174999903,-562.6903199963272,149.29,5800.0,0.45,1.6,285600.0,2200.0,293600.0,6001.9
41,743.6351749999449,-567.7503199968487,134.11,28000.0,3.32,5.0,460900.00000000006,13400.0,502300.00000000006,28918.0
41,740.825174999889,-573.2703199964017,117.75,4700.0,1.07,0.8,288000.0,3500.0,296200.0,4927.7
41,737.9551749998936,-579.0203199964017,100.88,4100.0,1.24,0.7,305800.0,2700.0,312600.0,4344.8
41,736.825174999889,-581.3003199975938,94.22,9200.0,2.06,0.78,483400.00000000006,12600.0,505200.00000000006,9574.52
41,735.7451749999309,-583.4903199970722,87.8,2900.0,0.16,0.77,226200.0,1100.0,230200.0,2988.68
41,733.7751749999588,-587.6003199964762,75.84,4800.0,0.42,0.99,281700.0,2300.0,288800.0,4946.16
41,730.4051749999635,-594.5903199966997,55.73,4500.0,0.24,0.92,268400.0,2200.0,275100.0,4613.28
41,726.5351749999681,-602.4003199972212,33.37,1100.0,0.05,0.38,205400.0,400.0,206900.0,1139.42
41,722.6951749998843,-610.2103199977428,11.0,4100.0,0.18,1.11,244400.0,1900.0,250400.0,4220.24
41,719.965174999903,-615.7603199966252,-4.88,1600.0,0.03,0.46,209300.0,600.0,211500.0,1643.14
42,583.4851749999216,-581.3403199966997,311.8,3700.0,0.25,1.03,253900.0,1500.0,259100.0,3824.02
42,581.2851749999681,-587.0203199964017,299.0,4300.0,0.47,0.78,271300.0,2000.0,277600.0,4436.02
42,580.2451749999309,-589.7003199979663,292.98,4400.0,0.45,1.0,277400.0,2600.0,284400.0,4551.5
42,578.0951749999076,-595.2103199977428,280.54,13400.0,4.0,1.34,499400.0,15100.0,527900.0,14112.56
42,574.7051749998936,-603.8603199962527,260.98,3000.0,0.22,0.58,266000.0,2000.0,271000.0,3081.72
42,571.5651749998797,-611.8303199969232,243.27,2900.0,0.16,0.53,253400.0,1500.0,257800.0,2968.52
42,569.8851749999449,-616.0303199980408,234.02,27600.0,2.7,3.69,481400.0,19100.0,528100.0,28314.96
42,568.6451749999542,-619.1703199967742,227.18,2600.0,0.23,0.51,229100.0,1300.0,233000.0,2677.34
42,566.5051749999402,-624.5203199964017,215.64,8100.000000000001,0.83,1.78,263000.0,3100.0,274200.0,8374.02
42,563.9551749998936,-630.8103199973702,202.15,4000.0,0.21,0.81,256000.0,1800.0,261800.0,4099.54
42,560.5151749999495,-639.1903199963272,184.32,6600.0,0.35,1.29,290100.0,2600.0,299300.0,6760.86
42,547.0351749999681,-669.6903199963272,120.65,3100.0,0.17,0.49,211800.0,1800.0,216700.0,3166.66
43,822.8651749999262,-376.9203199967742,311.03,5300.0,0.36,0.71,92900.0,700.0000000000001,98900.0,5413.64
43,820.9551749998936,-381.6703199967742,296.92,8400.0,0.28,0.99,102100.0,3400.0000000000005,113900.0,8525.16
43,820.045174999861,-383.9003199972212,290.3,6899.999999999999,0.52,0.59,43900.0,2200.0,53000.0,7027.5599999999995
43,818.715174999903,-387.1603199969977,280.65,7200.0,0.39,0.8,86900.0,2400.0,96500.0,7325.7
43,816.4251749998657,-392.72031999751925,264.32,4300.0,0.29,0.44,39500.0,1300.0,45100.0,4380.46
43,812.8051749998704,-401.22031999751925,239.35,3200.0,0.11,0.33,109300.0,1300.0,113800.0,3244.22
43,809.3651749999262,-409.1003199964762,216.16,2900.0,0.24,0.37,74700.0,1300.0,78900.0,2967.08
43,806.825174999889,-414.80031999759376,199.22,1200.0,0.07,0.11,76400.0,700.0000000000001,78300.0,1219.74
43,803.795174999861,-421.4403199963272,179.46,5800.0,0.4,0.46,48800.0,3200.0,57800.0,5898.64
43,800.325174999889,-428.7903199978173,157.49,6500.0,0.65,0.44,63700.0,4300.0,74500.0,6634.46
43,797.3051749998704,-435.0303199980408,138.86,3200.0,0.24,0.33,80200.0,1600.0,85000.0,3263.72
43,795.6751749998657,-438.38031999766827,128.86,2200.0,0.12,0.21,52699.99999999999,1000.0,55899.99999999999,2235.64
43,793.4951749999309,-442.77031999640167,115.72,8000.0,0.51,0.8,115400.0,4100.0,127500.0,8143.7
43,789.5151749999495,-450.6003199964762,92.31,700.0000000000001,0.02,0.14,190100.00000000003,300.0,191100.00000000003,714.7600000000001
43,785.545174999861,-458.2003199979663,69.55,5100.0,0.2,0.98,226000.0,1700.0000000000002,232800.0,5212.32
43,782.4151749999728,-464.13031999766827,51.93,6100.0,0.1,1.17,236200.0,2200.0,244500.0,6213.28
43,780.9051749999635,-466.9903199970722,43.45,1600.0,0.01,0.51,134600.0,600.0,136800.0,1644.34
43,780.2751749999588,-468.1703199967742,39.95,1200.0,0.02,0.35,187200.0,500.0,188900.0,1232.4
44,438.075174999889,-533.9703199975193,319.89,3600.0,0.2,0.72,234800.0,1900.0,240300.0,3690.48
44,436.1651749999728,-538.6603199969977,305.24,5600.000000000001,0.31,1.0,224400.0,3000.0,233000.0,5730.500000000001
44,433.7051749998936,-544.6403199974447,286.52,6100.0,0.18,1.38,192000.0,2700.0,200800.0,6242.92
44,425.04517499986105,-565.5203199964017,221.07,7100.0,0.18,1.77,175300.0,2400.0,184800.0,7275.68
44,422.2051749998936,-572.3403199966997,199.84,1500.0,0.08,0.3,184400.0,600.0,186500.0,1537.2
44,420.3951749999542,-576.6503199972212,186.43,4800.0,0.29,0.99,207800.0,2500.0,215100.0,4926.66
44,418.53517499996815,-581.0003199968487,172.97,4900.0,0.25,1.08,202600.00000000003,2300.0,209800.00000000003,5028.22
44,415.5651749998797,-587.9903199970722,151.73,14200.0,3.24,2.4,398300.0,8800.0,421300.0,14887.6
44,412.63517499994487,-594.8803199976683,130.67,6800.000000000001,1.11,1.11,356800.0,4700.0,368300.0,7059.740000000001
44,410.0151749999495,-601.1203199978918,111.61,11700.0,0.97,2.89,319700.0,5400.0,336800.0,12088.26
44,407.8151749998797,-606.4103199969977,95.37,7100.0,0.34,1.12,330100.0,4900.0,342100.0,7245.08
44,405.8051749998704,-611.3103199973702,80.33,4000.0,0.33,0.67,217500.0,1700.0000000000002,223200.0,4105.78
45,158.30517499987036,-154.38031999766827,200.1,3500.0,0.08,0.71,199300.0,1000.0,203800.0,3571.64
45,156.54517499986105,-159.12031999789178,188.67,2900.0,0.05,0.58,106900.0,800.0,110600.0,2956.22
45,153.30517499987036,-167.5903199966997,168.27,6500.0,0.17,1.38,267500.0,2000.0,276000.0,6641.42
45,149.825174999889,-176.49031999707222,146.56,4200.0,0.13,0.9,247200.0,1300.0,252700.0,4295.1
45,147.06517499987967,-183.40031999722123,129.73,16800.0,1.22,4.14,470700.0,6200.0,493700.0,17330.76
45,144.06517499987967,-190.81031999737024,111.75,4200.0,0.09,1.0,259900.0,1300.0,265400.0,4297.5
45,140.2551749999402,-200.22031999751923,88.9,1800.0,0.07,0.37,243400.0,600.0,245800.0,1841.58
45,137.8451749999076,-206.2303199972957,74.27,2400.0,0.1,0.41,240300.0,800.0,243500.0,2449.44
45,136.51517499994952,-209.4503199979663,66.41,2000.0,0.07,0.36,248000.0,600.0,250600.0,2040.74
45,133.69517499988433,-216.05031999759376,50.34,1900.0,0.09,0.35,255100.00000000003,600.0,257600.00000000003,1942.9
45,129.55517499987036,-225.4603199977428,27.55,2800.0000000000005,0.11,0.76,260500.0,900.0,264200.0,2880.3400000000006
45,125.26517499994952,-234.90031999722123,4.8,2200.0,0.09,0.62,259200.00000000003,700.0000000000001,262100.00000000003,2265.58
45,121.79517499986105,-242.30031999759376,-12.96,3000.0,0.13,0.67,257300.0,1000.0,261300.0,3075.78
46,121.78517499996816,28.149680003523827,191.86,3000.0,0.11,0.81,274400.0,800.0,278200.0,3084.54
46,119.14517499995418,20.06968000344932,168.35,6700.0,0.23,1.7,263400.0,1900.0,272000.0,6877.3
46,116.38517499994488,11.989680003374817,144.85,4000.0,0.09,1.05,292400.0,1100.0,297500.0,4101.7
46,113.53517499996816,3.919680003076792,121.36,3500.0,0.09,0.82,256800.0,900.0,261200.0,3582.38
46,110.825174999889,-3.49031999707222,99.76,4300.0,0.14,1.02,272600.0,1100.0,278000.0,4406.68
47,-469.4348250001203,146.35968000255525,371.43,3100.0,0.05,0.85,12200.0,700.0000000000001,16000.0,3178.9
47,-472.814825000125,138.4196800030768,347.25,3300.0,0.03,0.75,10100.0,1000.0,14400.0,3367.5
47,-475.86482500005513,131.38968000374734,326.99,3000.0,0.03,0.49,19100.0,1100.0,23200.0,3045.66
47,-478.0948250000365,126.42968000285327,312.93,3500.0,0.04,0.45,39800.0,1400.0000000000002,44700.0,3543.8
47,-480.88482500007376,120.50968000292778,296.27,6700.0,0.05,0.94,16600.0,2400.0,25700.0,6786.46
47,-483.1848250001203,115.7396800033748,283.12,5800.0,0.04,0.92,13300.0,1700.0000000000002,20800.0,5883.28
48,421.9851749999216,-302.5803199969232,180.22,3100.0,0.09,0.82,182600.00000000003,800.0,186500.00000000003,3182.38
48,420.6251749999356,-306.13031999766827,169.37,49000.0,3.63,10.94,410600.0,14300.0,473900.0,50463.46
48,420.0051749999402,-307.72031999751925,164.54,9500.0,1.01,2.14,269100.0,3000.0,281600.0,9831.26
48,418.3351749998983,-311.90031999722123,151.81,27200.000000000004,3.08,4.66,483800.0,10700.0,521700.0,28053.440000000002
48,415.94517499988433,-317.6803199965507,134.24,4000.0,0.24,0.81,254800.0,1300.0,260100.0,4104.04
48,414.6651749999728,-320.6803199965507,125.16,24900.000000000004,2.57,2.13,493700.0,11600.0,530200.0,25464.420000000002
48,414.1451749999542,-321.86031999625266,121.58,13600.000000000002,2.07,1.8,351900.0,6200.0,371700.0,14061.700000000003
48,413.6551749999635,-322.97031999751925,118.25,16500.0,3.43,1.9,449200.0,8800.0,474500.0,17174.1
48,411.79517499986105,-327.11031999625266,105.72,6899.999999999999,0.42,1.47,264600.0,2200.0,273700.0,7086.479999999999
48,409.86517499992624,-331.36031999625266,92.92,38100.0,1.27,10.08,500000.0,11600.0,549700.0,39137.22
48,407.7351749999216,-336.0303199980408,79.09,6600.0,0.35,1.26,257400.0,2100.0,266100.0,6758.34
48,404.0651749998797,-344.0103199966252,55.68,4200.0,0.18,0.55,216900.0,1400.0000000000002,222500.0,4273.2
48,400.2551749999402,-351.98031999729574,32.3,5300.0,0.31,0.82,247600.00000000003,1900.0,254800.00000000003,5415.38
48,396.185174999875,-359.9403199963272,8.95,9000.0,1.03,2.14,298100.0,3000.0,310100.0,9334.26
48,393.2351749999216,-365.5903199966997,-7.7,4500.0,0.29,1.31,232300.0,1600.0,238400.0,4653.54
48,391.04517499986105,-369.77031999640167,-20.02,9100.0,0.49,2.49,260200.0,3100.0,272400.0,9382.66
48,387.5851749998983,-376.27031999640167,-39.02,4900.0,0.23,1.36,281100.0,1700.0000000000002,287700.0,5048.74
48,384.1751749998657,-382.6503199972212,-57.51,2900.0,0.18,0.85,225900.0,1000.0,229800.0,2998.4
48,382.3051749998704,-386.0903199966997,-67.41,6899.999999999999,0.26,1.63,289100.0,2700.0,298700.0,7075.919999999999
49,238.2451749999309,48.889680003747344,178.56,5900.0,0.29,1.61,313700.0,1600.0,321200.0,6078.74
49,237.02517499995884,45.85968000255525,169.19,16600.0,0.98,4.08,436900.0,4800.0,458300.0,17089.72
49,235.70517499989364,42.68968000262976,159.37,7300.0,0.36,1.96,303200.0,1900.0,312400.0,7518.64
49,234.10517499991693,39.029680002480745,148.11,6899.999999999999,0.35,1.71,327900.0,1900.0,336700.0,7096.139999999999
49,231.85517499991693,34.15968000330031,133.14,8500.0,0.44,2.22,325600.0,2500.0,336600.0,8752.48
49,228.87517499993555,28.16968000307679,114.67,8000.0,0.42,1.8,315800.0,2300.0,326100.0,8214.2
49,226.21517499990296,23.149680003523827,99.07,4300.0,0.07,1.06,195700.0,1200.0,201200.0,4399.54
49,222.4851749999216,16.589680003002286,78.28,9900.0,0.32,2.59,321700.0,3200.0,334800.0,10165.56
49,217.8351749998983,9.179680002853274,54.5,4800.0,0.21,1.17,298600.0,1500.0,304900.0,4929.78
49,212.85517499991693,1.9496800024062395,30.74,5600.000000000001,0.28,1.53,280700.0,1700.0000000000002,288000.0,5770.520000000001
49,209.9151749999728,-2.0003199968487024,17.46,7000.0,0.49,1.41,333700.0,2000.0,342700.0,7191.94
49,208.9851749999216,-3.200319997966289,13.38,3900.0,0.17,0.77,275900.0,1100.0,280900.0,3990.18
49,207.6351749999449,-4.930319996550679,7.53,6300.0,0.28,1.84,284600.0,1900.0,292800.0,6496.56
49,206.14517499995415,-6.830319996923208,1.14,3000.0,0.14,0.79,244000.0,900.0,247900.0,3087.36
49,205.06517499987967,-8.210319997742772,-3.46,2700.0,0.14,0.72,325900.00000000006,800.0,329400.00000000006,2781.48
49,203.4151749999728,-10.30031999759376,-10.44,3200.0,0.12,0.8,266700.0,900.0,270800.0,3285.2
49,201.35517499991693,-12.84031999669969,-18.96,6000.0,0.31,1.49,380100.0,1800.0,387900.0,6171.66
49,197.70517499989364,-17.170319996774197,-33.55,4600.0,0.19,1.28,208300.0,1300.0,214200.0,4736.02
49,191.5951749999076,-24.010319996625185,-56.81,4700.0,0.25,1.29,273600.0,1300.0,279600.0,4845.86
49,185.1351749999449,-30.760319996625185,-80.0,7700.0,0.43,2.21,314300.0,2200.0,324200.0,7950.14
49,178.35517499991693,-37.44031999632716,-103.11,5900.0,0.37,1.37,315200.0,1700.0000000000002,322800.0,6070.58
49,171.30517499987036,-44.09031999669969,-126.16,5900.0,0.39,1.44,279200.0,1700.0000000000002,286800.0,6079.46
49,164.03517499996815,-50.83031999692321,-149.11,5600.000000000001,0.33,1.22,285300.0,1600.0,292500.0,5751.9800000000005
49,156.51517499994952,-57.49031999707222,-172.0,6500.0,0.5,1.43,273200.0,1900.0,281600.0,6695.12
49,148.98517499992158,-64.06031999737024,-194.92,4000.0,0.22,0.96,258500.0,1300.0,263800.0,4113.64
49,142.1751749998657,-69.80031999759376,-215.31,5800.0,0.2,1.79,248400.0,1700.0000000000002,255900.0,5980.36
50,525.3951749999542,-587.9103199969977,293.77,2100.0,0.13,0.55,227400.0,800.0,230300.0,2165.7
50,522.1351749999449,-595.7703199964017,269.65,7500.0,0.46,1.28,281100.0,3700.0,292300.0,7676.52
50,518.7251749999123,-603.6003199964762,245.55,6300.0,0.25,1.43,229000.0,2500.0,237800.0,6457.62
50,515.1651749999728,-611.5103199966252,221.49,12400.0,1.07,2.73,253700.0,5100.0,271200.0,12789.82
50,507.5251749999589,-627.4403199963272,173.39,5200.0,0.16,1.09,108400.0,2100.0,115700.0,5315.56
50,504.8751749999356,-632.5503199975938,157.8,2100.0,0.11,0.55,189200.00000000003,800.0,192100.00000000003,2162.7
50,501.88517499994487,-638.1203199978918,140.6,3200.0,0.15,0.62,233000.0,1500.0,237700.0,3274.58
50,499.2051749998936,-642.9903199970722,125.41,1700.0000000000002,0.13,0.35,172800.0,800.0,175300.0,1748.9000000000003
50,498.28517499996815,-644.6503199972212,120.19,3800.0,0.22,0.73,266800.0,2000.0,272600.0,3894.32
50,495.2051749998936,-650.2003199979663,102.79,5200.0,0.3,1.15,223800.0,2000.0,231000.0,5341.6
50,492.44517499988433,-655.1103199962527,87.36,18900.0,0.52,4.41,421700.0,7100.0,447700.0,19348.44
50,490.075174999889,-659.2803199980408,74.23,8700.0,0.47,1.45,269800.0,4500.0,283000.0,8892.3
50,485.8051749998704,-666.7103199977428,50.75,5500.0,0.29,1.52,222100.0,2000.0,229600.0,5671.18
50,481.9551749998936,-673.3903199974447,29.69,5400.0,0.23,1.28,106300.0,1900.0,113600.0,5542.02
50,478.2451749999309,-679.7803199980408,9.58,12600.0,0.76,2.35,139300.0,3400.0000000000005,155300.0,12911.4
51,166.075174999889,139.63968000374734,185.77,22100.0,1.02,6.79,433700.0,6100.0,461900.0,22823.36
51,166.53517499996815,140.9196800030768,182.69,21200.0,0.4,6.57,319700.0,5600.000000000001,346500.0,21811.88
51,168.04517499986105,145.09968000277877,172.62,25500.0,1.83,5.03,452400.0,8400.0,486300.0,26197.02
51,170.51517499994952,151.8296800032258,156.52,8400.0,0.85,1.62,337400.0,3300.0,349100.0,8663.58
51,172.03517499996815,155.94968000240624,146.77,15900.0,1.71,3.22,466200.0,7500.0,489600.0,16426.98
51,173.14517499995418,158.94968000240624,139.73,6000.0,0.2,1.67,284200.0,1900.0,292100.0,6170.28
51,174.37517499993555,162.2396800033748,132.08,19700.0,2.11,3.53,493200.0,7500.0,520400.0,20313.02
51,176.2551749999402,167.19968000240624,120.65,4200.0,0.26,1.1,262800.0,1500.0,268500.0,4331.4
51,179.71517499990296,176.19968000240624,100.14,14000.0,0.87,3.85,343600.0,4600.0,362200.0,14453.9
51,183.9251749998657,186.69968000240624,76.81,28700.0,2.81,5.11,431900.0,10900.0,471500.0,29550.74
51,188.06517499987967,196.64968000352383,54.93,9000.0,0.57,2.79,236300.0,2800.0000000000005,248100.0,9319.86
51,190.3851749999449,202.11968000233173,43.03,2600.0,0.06,0.8,234200.00000000003,800.0,237600.00000000003,2676.2
52,-206.77482500008773,420.22968000359833,247.04,800.0,0.03,0.05,89200.0,700.0000000000001,90700.0,808.7
52,-210.53482500009704,409.76968000270426,223.9,3400.0000000000005,0.12,0.34,40199.99999999999,1600.0,45199.99999999999,3446.5600000000004
52,-213.27482500008773,402.4196800030768,207.84,1400.0000000000002,0.08,0.07,27600.0,700.0000000000001,29700.0,1417.8800000000003
52,-216.11482500005516,394.9996800031513,191.75,2400.0,0.05,0.15,117800.0,1300.0,121500.0,2420.1
52,-220.2448250000598,384.51968000270426,169.29,2400.0,0.05,0.18,125700.0,1000.0,129100.0,2422.62
52,-224.674825000111,373.9196800030768,146.94,6000.0,0.24,0.77,102000.0,1700.0000000000002,109700.0,6100.68
52,-229.38482500007376,363.1496800035238,124.73,5400.0,0.11,1.15,167500.0,1800.0,174700.0,5513.1
52,-233.2648250000784,354.35968000255525,107.07,2500.0,0.06,0.69,310600.0,900.0,314000.0,2566.96
52,-235.7248250000412,348.88968000374734,96.43,5600.000000000001,0.12,1.51,190000.0,1900.0,197500.0,5744.840000000001
52,-237.12482500006445,345.8296800032258,90.55,5200.0,0.14,1.22,233700.0,1900.0,240800.0,5323.48
52,-240.28482500009704,338.9996800031513,77.65,2500.0,0.02,0.89,140200.0,700.0000000000001,143400.0,2577.76
52,-245.88482500007376,327.05968000367284,55.64,100.0,0.01,0.03,128000.0,100.0,128200.0,104.02
52,-251.7548250000691,314.94968000240624,33.8,1300.0,0.04,0.48,126400.0,400.0,128100.0,1346.32
52,-257.8448250000365,302.7596800029278,12.05,400.0,0.02,0.16,126200.0,200.0,126800.0,416.44
52,-264.174825000111,290.3996800035238,-9.53,3800.0,0.15,1.51,171200.0,1100.0,176100.0,3949.34
52,-268.78482500009704,281.68968000262976,-24.66,6200.0,0.25,2.14,271200.0,1900.0,279300.0,6417.26
52,-273.6548250000924,272.77968000248075,-40.1,4200.0,0.17,1.54,181300.0,1300.0,186800.0,4354.86
52,-280.8348250000272,259.9196800030768,-62.15,5500.0,0.16,1.87,178800.0,1700.0000000000002,186000.0,5681.08
52,-288.27482500008773,246.97968000359836,-84.07,7000.0,0.22,3.02,191400.0,1900.0,200300.0,7286.68
52,-292.7448250000598,239.35968000255525,-96.78,9400.0,0.32,2.6,274200.0,3200.0,286800.0,9666.4
52,-297.0948250000365,232.0896800030023,-108.64,1200.0,0.07,0.36,149500.0,400.0,151100.0,1240.74
52,-301.71482500003185,224.47968000359836,-120.84,6600.0,0.41,1.76,273400.0,2200.0,282200.0,6809.34
52,-306.46482500003185,216.7496800031513,-133.09,4900.0,0.23,1.32,253000.0,1600.0,259500.0,5045.38
52,-314.5148250000784,204.01968000270423,-153.05,12500.0,0.56,3.26,267700.0,4000.0,284200.0,12857.84
52,-322.11482500005513,192.43968000262976,-170.87,5800.0,0.41,1.6,259400.0,1900.0,267100.0,5995.9
52,-326.11482500005513,186.39968000352383,-180.06,15500.0,1.76,0.85,418100.0,11500.0,445100.0,15835.4
52,-331.2948250001064,178.55968000367284,-191.85,9900.0,0.78,1.87,285800.0,4200.0,299900.0,10174.08
53,230.06517499987967,301.6596800033003,162.67,400.0,0.01,0.05,87899.99999999999,200.0,88499.99999999999,405.7
53,227.02517499995884,294.0496800020337,139.05,100.0,0.0,0.02,87800.0,100.0,88000.0,101.68
53,223.85517499991693,286.4896800033748,115.43,800.0,0.02,0.11,82000.0,300.0,83100.0,812.24
53,220.575174999889,278.9996800031513,91.81,600.0,0.01,0.08,79900.0,200.0,80700.0,608.22
53,217.22517499991227,271.5696800034493,68.17,700.0000000000001,0.01,0.07,79800.0,300.0,80800.0,707.3800000000001
53,213.7451749999309,264.1696800030768,44.55,600.0,0.15,0.07,77700.0,300.0,78600.0,628.38
53,210.1651749999728,256.76968000270426,20.94,500.0,0.02,0.07,72200.0,200.0,72900.0,508.88
53,206.47517499991227,249.4096800033003,-2.67,800.0,0.03,0.11,65600.0,300.0,66700.0,813.74
53,202.7551749999402,242.20968000218272,-25.98,1200.0,0.03,0.17,81800.0,400.0,83400.0,1218.78
53,192.85517499991693,224.60968000255525,-83.11,1500.0,0.03,0.04,122800.0,1100.0,125400.0,1507.86
53,183.8451749999076,210.0496800020337,-131.04,4000.0,0.13,0.38,63700.0,1600.0,69300.0,4051.42
54,14.605174999916926,163.94968000240624,173.43,2400.0,0.07,0.65,189900.0,700.0000000000001,193000.0,2465.1
54,11.105174999916926,155.76968000270426,147.86,3800.0,0.2,1.07,281900.0,1200.0,286900.0,3919.88
54,8.985174999921583,151.0896800030023,132.96,7700.0,0.51,1.75,389200.0,2200.0,399100.0,7923.5
54,8.235174999921583,149.4696800019592,127.76,5600.000000000001,0.37,1.32,283700.0,1600.0,290900.0,5766.380000000001
54,6.975174999912269,146.8296800032258,119.27,6800.000000000001,0.42,1.57,328800.0,2000.0,337600.0,6994.880000000001
54,5.355174999916926,143.51968000270426,108.54,5200.0,0.25,1.08,291700.0,1500.0,298400.0,5328.22
54,4.115174999926239,141.0496800020337,100.39,6600.0,0.46,1.35,341100.0,1800.0,349500.0,6782.4
54,3.2851749999681488,139.43968000262976,95.04,5800.0,0.32,1.19,300200.0,1600.0,307600.0,5947.96
54,2.145174999954179,137.31968000344932,87.99,6600.0,0.95,1.14,421400.0,2100.0,430100.0,6838.26
54,0.8751749999355525,135.00968000292778,80.28,4000.0,0.18,0.82,282800.0,1200.0,288000.0,4095.88
54,-0.4948250000597909,132.5896800030023,72.17,10000.0,0.65,1.71,329400.0,3200.0,342600.0,10241.14
54,-3.4148250001017004,127.65968000330032,55.45,3400.0000000000005,0.14,0.87,284800.0,1000.0,289200.0,3494.0800000000004
54,-7.934825000120327,120.7196800019592,31.86,4100.0,0.18,0.78,284100.0,1200.0,289400.0,4192.52
54,-12.864825000055134,113.77968000248076,8.35,3200.0,0.15,0.59,282000.0,1000.0,286200.0,3272.06
54,-18.074825000134297,106.79968000203372,-15.08,4200.0,0.17,0.84,273900.0,1300.0,279400.0,4296.06
54,-22.71482500003185,100.87968000210822,-34.87,4200.0,0.45,0.86,277400.0,1400.0000000000002,283000.0,4339.74
55,-273.1548250000924,388.2196800019592,266.8,2700.0,0.04,0.62,226000.0,700.0000000000001,229400.0,2758.08
55,-276.05482500011567,379.8596800025553,243.42,3200.0,0.09,0.89,224900.0,1100.0,229200.0,3288.26
55,-278.1848250001203,373.9196800030768,227.15,2400.0,0.05,0.75,251200.0,800.0,254400.0,2470.5
55,-279.7248250000412,369.7596800029278,215.76,1800.0,0.02,0.68,139600.0,600.0,142000.0,1860.12
55,-282.5148250000784,362.4696800019592,195.86,8600.0,0.43,2.28,259800.0,2900.0,271300.0,8856.02
55,-286.2648250000784,353.22968000359833,171.2,100.0,0.01,0.02,118800.0,100.0,119000.0,103.18
55,-290.0948250000365,344.1696800030768,148.22,100.0,0.01,0.04,117900.0,100.0,118100.0,104.86
55,-294.19482500012964,334.8996800035238,125.37,2800.0000000000005,0.08,0.94,134600.0,900.0,138300.0,2890.9600000000005
55,-298.11482500005513,326.51968000270426,105.07,3100.0,0.08,1.1,158100.0,1000.0,162200.0,3204.4
55,-302.61482500005513,317.27968000248075,83.33,12300.0,0.36,3.91,286600.0,4000.0,302900.0,12682.44
55,-307.9348250001203,306.80968000367284,59.3,4500.0,0.52,1.71,163500.0,1400.0000000000002,169400.0,4721.64
55,-312.6848250001203,297.86968000233173,39.23,1900.0,0.12,0.72,143000.0,700.0000000000001,145600.0,1978.48
55,-315.37482500006445,292.97968000359833,28.36,6000.0,0.21,1.75,287600.0,2000.0,295600.0,6178.5
55,-316.87482500006445,290.2896800022572,22.41,2100.0,0.54,0.8,163299.99999999997,700.0000000000001,166099.99999999997,2248.2
55,-320.21482500003185,284.3196800034493,9.39,10500.0,0.67,3.68,211100.0,3100.0,224700.0,10909.62
55,-324.86482500005513,276.30968000367284,-7.91,3100.0,0.03,1.2,140400.0,900.0,144400.0,3205.3
55,-331.1648250001017,266.2496800031513,-28.76,9300.0,0.33,3.24,213300.0,2600.0,225200.0,9621.66
55,-338.2348250000505,255.55968000367284,-50.03,600.0,0.06,0.25,148200.0,200.0,149000.0,630.0
55,-343.44482500012964,247.89968000352383,-64.87,1800.0,0.09,0.48,299900.0,600.0,302300.0,1853.82
55,-349.5048250000691,239.0996800027788,-81.55,4500.0,0.18,1.25,309400.0,1500.0,315400.0,4632.0
55,-355.2348250000505,230.72968000359836,-97.19,5300.0,0.27,1.35,295600.0,1800.0,302700.0,5453.9
55,-360.9148250001017,222.39968000352383,-112.61,10000.0,0.58,2.84,271200.0,3200.0,284400.0,10325.56
55,-366.4948250000598,214.19968000240624,-127.63,10900.0,0.72,2.7,300400.0,3800.0,315100.0,11234.8
55,-371.284825000097,207.2196800019592,-140.41,20100.0,1.11,4.5,424400.0,7300.0,451800.0,20644.5
55,-377.13482500007376,198.8196800034493,-155.73,8200.0,0.79,1.66,332000.0,4100.0,344300.0,8457.94
55,-381.45482500013895,192.7196800019592,-166.67,9800.0,1.36,1.26,467500.0,8800.0,486100.0,10109.84
55,-386.9948250000598,184.9196800030768,-180.63,6700.0,0.36,2.21,250500.0,2900.0,260100.0,6939.64
55,-393.11482500005513,176.2996800020337,-196.08,11500.0,0.32,1.69,287400.0,8300.0,307200.0,11689.96
56,63.86517499992624,152.09968000277877,176.86,10800.0,0.63,2.86,297100.0,3000.0,310900.0,11134.74
56,65.78517499996815,157.10968000255525,161.7,30400.0,1.78,9.48,152100.0,8200.0,190700.0,31463.32
56,66.64517499995418,159.31968000344932,154.96,33400.0,1.51,8.8,420000.0,11800.0,465200.0,34365.7
56,67.95517499989364,162.61968000233173,144.92,6700.0,0.84,1.29,329000.0,3000.0,338700.0,6934.36
56,70.05517499987036,167.8396800030023,128.98,22700.0,2.67,3.1,499900.0,12300.0,534900.0,23360.9
56,71.50517499994021,171.34968000277877,118.18,11299.999999999998,0.75,2.94,326800.0,4200.0,342300.0,11659.459999999997
56,72.35517499991693,173.37968000210822,111.93,14100.0,1.35,2.57,463100.0,5800.0,483000.0,14518.38
56,74.6651749999728,178.7496800031513,95.28,11399.999999999998,0.96,2.67,355200.00000000006,4200.0,370800.00000000006,11768.279999999999
56,76.9251749998657,183.86968000233173,79.31,22100.0,1.91,6.92,462400.0,7100.0,491600.0,22967.78
56,79.20517499989364,188.94968000240624,63.48,7700.0,0.41,2.15,286900.0,2400.0,297000.0,7942.1
56,82.55517499987036,196.43968000262976,40.26,9000.0,0.6,2.86,320500.0,2800.0000000000005,332300.0,9330.24
56,85.04517499986105,201.97968000359836,23.16,19700.0,1.12,6.46,434900.0,5900.0,460500.0,20410.64
57,-167.0848250000272,384.26968000270426,230.88,3600.0,0.28,0.4,43000.0,1700.0000000000002,48300.0,3675.6
57,-169.96482500003185,376.4296800028533,207.32,4000.0,0.51,0.39,46000.0,1700.0000000000002,51700.0,4109.26
57,-171.9048250000924,371.2596800029278,191.77,3200.0,0.15,0.19,79700.0,1800.0,84700.0,3238.46
57,-175.48482500005048,361.6796800028533,163.73,1900.0,0.06,0.07,108100.0,900.0,110900.0,1914.88
57,-178.93482500012033,353.2396800033748,140.45,1400.0000000000002,0.03,0.05,79600.0,500.0,81500.0,1408.7000000000003
57,-182.4748250000412,344.7396800033748,118.1,2600.0,0.07,0.33,84600.00000000001,900.0,88100.00000000001,2638.22
57,-185.62482500006445,337.3296800032258,99.22,2500.0,0.08,0.34,258000.0,1100.0,261600.0,2540.56
57,-189.86482500005516,327.0096800029278,73.99,1100.0,0.03,0.28,263700.0,500.0,265300.0,1128.02
57,-194.0948250000365,317.18968000262976,50.85,2900.0,0.08,0.79,277500.0,1100.0,281500.0,2978.36
57,-198.9148250001017,307.0996800027788,27.96,3000.0,0.08,0.9,326400.0,900.0,330300.0,3087.6
57,-203.0948250000365,298.7496800031513,9.58,1400.0000000000002,0.01,0.57,114800.0,500.0,116700.0,1449.38
58,339.3151749998797,-103.52031999640168,161.1,11000.0,0.5,2.7,338600.0,3600.0,353200.0,11301.8
58,336.0651749998797,-110.87031999789178,137.42,6899.999999999999,1.11,1.09,292600.0,2700.0,302200.0,7158.0599999999995
58,332.6551749999635,-118.11031999625266,113.74,8800.0,0.69,1.54,409800.0,3800.0,422400.0,9032.86
58,330.5151749999495,-122.6703199967742,98.71,11800.0,2.34,1.54,465700.0,6800.000000000001,484300.0,12280.36
58,328.4951749999309,-127.02031999640168,84.29,15100.0,1.56,2.0,485900.00000000006,6700.0,507700.00000000006,15502.0
58,325.13517499994487,-134.0103199966252,60.95,19900.0,1.16,4.82,387800.0,6300.0,414000.0,20478.88
58,321.685174999875,-141.27031999640167,36.78,17200.0,1.04,4.9,337000.0,5100.0,359300.0,17767.6
58,317.935174999875,-149.82031999714673,8.65,23700.0,2.89,6.43,414500.0,7500.0,445700.0,24673.62
58,315.77517499995884,-154.9103199969977,-7.95,8500.0,0.63,1.87,322700.00000000006,2800.0000000000005,334000.00000000006,8751.58
58,313.575174999889,-159.96031999774277,-24.56,14400.0,0.85,3.02,340600.0,4700.0,359700.0,14781.18
58,311.575174999889,-164.5003199968487,-39.48,4000.0,0.18,0.93,245400.0,1300.0,250700.0,4105.12
59,333.8551749999169,19.05968000367284,160.83,5600.000000000001,0.29,1.46,252600.00000000003,1700.0000000000002,259900.00000000003,5766.140000000001
59,330.5851749998983,11.309680003672838,137.28,3700.0,0.16,1.07,274600.0,1100.0,279400.0,3813.88
59,327.0551749998704,3.50968000292778,113.79,6899.999999999999,0.35,1.62,251800.0,2300.0,261000.0,7088.579999999999
59,323.9251749998657,-3.010319996625185,94.0,3400.0000000000005,0.19,0.91,241800.0,1100.0,246300.0,3504.9400000000005
59,322.3151749998797,-6.260319996625185,84.15,13400.0,1.84,2.03,451200.0,6500.0,471100.0,13846.52
59,321.575174999889,-7.74031999707222,79.67,14500.0,0.69,3.55,388500.0,5000.0,408000.0,14901.7
59,320.2651749999495,-10.280319998040795,71.93,40700.0,1.08,9.54,445100.0,12600.0,498400.0,41663.36
59,317.87517499993555,-14.850319996476172,58.0,8200.0,0.56,1.96,340900.00000000006,3000.0,352100.00000000006,8448.64
59,314.1751749998657,-21.630319997668263,37.45,20500.0,1.93,3.87,448000.0,7900.0,476400.0,21114.58
59,309.8451749999076,-29.380319997668263,14.09,21900.0,1.03,5.46,408800.0,7200.0,437900.0,22513.14
59,306.45517499989364,-35.46031999774277,-4.1,23600.0,2.33,5.64,447200.0,7700.0,478500.0,24423.26
59,303.9051749999635,-40.0303199980408,-17.79,13100.0,1.8,2.39,410300.0,5699.999999999999,429100.0,13570.76
60,-601.0148250000784,649.3696800023317,256.84,6800.000000000001,0.13,0.15,127800.0,100.0,134700.0,6832.100000000001
60,-604.3248250001343,641.5496800020337,233.32,2700.0,0.1,0.14,104800.0,1400.0000000000002,108900.0,2726.76
60,-607.8848250000738,633.6996800024062,209.85,3900.0,0.16,0.16,96800.0,2300.0,103000.0,3937.44
60,-611.7248250000412,625.8296800032258,186.44,5699.999999999999,0.69,0.48,67200.0,3200.0,76100.0,5843.819999999999
60,-615.814825000125,617.8396800030023,163.1,2500.0,0.6,0.26,50199.99999999999,1000.0,53699.99999999999,2611.84
60,-620.1148250000551,609.7396800033748,139.85,10600.0,0.76,1.03,119800.0,4000.0,134400.0,10800.52
60,-624.6348250000738,601.5396800022572,116.67,3000.0,0.16,0.29,98300.0,1100.0,102400.0,3048.36
60,-629.3848250000738,593.2096800021827,93.58,7000.0,0.2,0.92,53700.0,2400.0,63100.0,7107.28
60,-633.1448250000831,586.7696800027043,76.24,18500.0,0.31,2.75,71600.0,5300.0,95400.0,18777.5
60,-637.034825000097,580.1896800026298,58.98,4500.0,0.2,0.64,126800.0,1600.0,132900.0,4583.76
60,-642.4448250001296,571.2496800031513,36.27,6800.000000000001,0.18,1.16,162800.0,2400.0,172000.0,6924.4400000000005
60,-645.8348250000272,565.7596800029278,22.67,2500.0,0.09,0.71,199100.0,800.0,202400.0,2573.14
60,-649.1948250001296,560.3696800023317,9.47,2600.0,0.09,0.58,219000.0,900.0,222500.0,2662.22
60,-655.034825000097,551.1596800033003,-12.58,1200.0,0.04,0.25,173299.99999999997,500.0,174999.99999999997,1227.0
60,-661.3048250001157,541.6396800037473,-34.83,2400.0,0.14,0.53,144200.0,900.0,147500.0,2465.52
60,-667.8848250000738,531.9496800024062,-56.91,2000.0,0.1,0.35,190900.0,800.0,193700.0,2044.4
60,-674.784825000097,522.0296800024807,-78.8,9200.0,2.51,2.59,201300.0,2900.0,213400.0,9794.06
60,-680.034825000097,514.5396800022572,-94.99,2700.0,0.2,0.77,186500.0,1000.0,190200.0,2794.68
60,-685.4848250000505,506.8496800027788,-111.27,3500.0,0.15,0.91,210700.0,1200.0,215400.0,3598.94
60,-693.0248250000877,496.3296800032258,-133.16,1900.0,0.05,0.87,204600.0,600.0,207100.0,1980.58
61,98.6751749998657,-32.35031999647617,175.65,3600.0,0.1,0.83,259800.0,1000.0,264400.0,3684.72
61,95.2451749999309,-40.29031999781728,152.19,7100.0,0.18,1.64,265000.0,2000.0,274100.0,7264.76
61,91.61517499992624,-48.27031999640167,128.78,4100.0,0.09,0.9,254000.0,1200.0,259300.0,4189.1
61,87.87517499993555,-56.29031999781728,105.4,4300.0,0.09,0.89,256700.00000000003,1200.0,262200.0,4388.26
61,83.97517499991227,-64.27031999640167,82.03,4600.0,0.22,0.84,271000.0,1400.0000000000002,277000.0,4703.56
61,79.88517499994487,-72.34031999669969,58.72,8100.000000000001,0.23,1.16,280500.0,2500.0,291100.0,8231.94
61,75.48517499992158,-80.61031999625266,35.54,12200.0,0.24,2.13,244100.0,4000.0,260300.0,12414.92
61,70.8351749998983,-89.13031999766827,12.5,4400.0,0.11,0.96,250300.0,1300.0,256000.0,4497.14
61,65.90517499996349,-97.86031999625266,-10.4,5200.0,0.12,0.95,249000.0,1700.0000000000002,255900.0,5297.8
61,60.64517499995418,-106.81031999737024,-33.14,28000.0,0.6,5.8,248500.0,8600.0,285100.0,28577.2
61,55.415174999972805,-115.4203199967742,-54.48,9900.0,0.33,1.55,263800.0,3500.0,277200.0,10079.7
61,52.21517499990296,-120.62031999789178,-67.25,12900.0,0.47,2.55,379700.0,4600.0,397200.0,13184.7
61,48.45517499989364,-126.55031999759376,-81.66,6800.000000000001,0.16,1.34,269300.0,2600.0,278700.0,6936.560000000001
61,41.93517499987502,-136.23031999729574,-104.85,6700.0,0.38,1.2,290400.0,2700.0,299800.0,6857.8
61,35.02517499995884,-146.04031999781728,-127.87,3500.0,0.19,1.07,228300.0,1200.0,233000.0,3618.38
61,27.675174999865703,-156.0303199980408,-150.68,5400.0,0.23,1.24,246200.0,2100.0,253700.0,5538.66
61,21.19517499988433,-164.4503199979663,-169.61,10200.0,0.71,2.01,357299.99999999994,3300.0,370799.99999999994,10475.34
61,17.655174999963492,-168.89031999744475,-179.52,6200.0,0.43,1.47,288700.0,2200.0,297100.0,6387.98
61,15.30517499987036,-171.81031999737024,-185.99,7800.0,0.64,1.97,351900.0,2600.0,362300.0,8061.48
61,11.775174999958836,-176.21031999774277,-195.75,4100.0,0.05,1.27,231000.0,1500.0,236600.0,4214.18
62,-742.5448250001064,560.5896800030023,300.63,3000.0,0.09,0.46,182900.0,100.0,186000.0,3052.14
62,-745.9948250000598,551.1096800025553,277.76,2700.0,0.09,0.64,182100.0,900.0,185700.0,2767.26
62,-749.2448250000598,542.5996800027788,257.71,800.0,0.03,0.31,182800.0,300.0,183900.0,830.54
62,-752.5748250001343,534.0296800024807,237.69,2000.0,0.05,0.6,228700.0,700.0000000000001,231400.0,2057.9
62,-755.5748250001343,526.4096800033003,220.08,1800.0,0.07,0.33,177500.0,600.0,179900.0,1838.22
62,-758.6448250000831,518.7096800021827,202.51,2000.0,0.07,0.32,155300.0,800.0,158100.0,2037.38
62,-761.8748250000644,510.9296800028533,185.01,1200.0,0.05,0.15,150100.0,500.0,151800.0,1220.1
62,-763.3248250001343,507.5096800029278,177.42,900.0,0.04,0.21,190300.0,400.0,191600.0,923.64
62,-765.814825000125,501.7896800022572,164.86,2800.0000000000005,0.16,0.51,188000.0,1100.0,191900.0,2866.8400000000006
62,-768.8348250000272,494.97968000359833,150.16,3800.0,0.12,1.59,207400.0,1200.0,212400.0,3951.56
62,-769.8548250000458,492.7096800021827,145.29,20100.0,1.26,6.72,307300.0,6600.0,334000.0,20853.48
62,-770.7948250001064,490.6596800033003,140.93,1300.0,0.3,0.54,216900.0,400.0,218600.0,1390.36
62,-772.064825000125,487.88968000374734,135.08,4000.0,0.19,1.6,240600.0,1300.0,245900.0,4162.9
62,-774.0948250000365,483.51968000270426,125.89,2300.0,0.05,1.04,214500.0,700.0000000000001,217500.0,2394.86
62,-776.784825000097,477.72968000359833,113.89,3200.0,0.21,1.55,267500.0,1100.0,271800.0,3361.7
62,-778.3848250000738,474.3096800036728,106.86,22600.0,0.85,9.48,443800.0,7700.0,474100.0,23523.82
62,-779.034825000097,472.9196800030768,104.02,23100.0,2.11,10.7,432600.0,7300.0,463000.0,24315.3
62,-780.9448250001296,468.8496800027788,95.71,8300.0,0.51,3.35,269800.0,2600.0,280700.0,8657.9
62,-783.1148250000551,464.26968000270426,86.46,41300.0,2.46,9.6,454400.0,14800.0,510500.0,42475.4
62,-785.1648250001017,459.9896800033748,77.89,11299.999999999998,0.73,4.23,328100.0,4400.0,343800.0,11764.819999999998
62,-787.1848250001203,455.8296800032258,69.64,7200.0,0.21,2.77,252000.0,1800.0,261000.0,7464.18
62,-788.6048250000458,452.9296800028533,63.94,8800.0,0.1,2.93,285000.0,2500.0,296300.0,9061.12
62,-792.2548250000691,445.5096800029278,49.52,4800.0,0.03,1.85,168600.0,1200.0,174600.0,4959.9
62,-797.8948250000831,434.19968000240624,27.95,4000.0,0.05,1.55,216100.0,1000.0,221100.0,4137.7
62,-803.7448250000598,422.6496800035238,6.57,6000.0,0.31,2.17,264000.0,1500.0,271500.0,6228.78
62,-808.7348250000505,413.1196800023317,-10.79,6600.0,0.24,1.91,229600.0,1500.0,237700.0,6796.44
62,-816.0448250001064,399.6096800025553,-35.13,5699.999999999999,0.02,0.43,17500.0,1300.0,24500.0,5739.119999999999
63,-692.7548250000691,687.0696800034493,254.07,900.0,0.03,0.07,33400.0,200.0,34500.0,910.38
63,-695.424825000111,679.4796800035983,230.72,1800.0,0.12,0.06,43200.0,1000.0,46000.0,1823.04
63,-699.3548250000458,668.9896800033748,198.88,2800.0000000000005,0.14,0.08,95900.0,2200.0,100900.0,2827.7200000000003
63,-702.454825000139,661.2396800033748,175.31,2500.0,0.16,0.29,112300.0,1100.0,115900.0,2548.36
63,-705.7348250000505,653.5396800022572,151.76,2300.0,0.12,0.15,97000.0,1100.0,100400.0,2330.6
63,-709.1948250001296,645.8996800035238,128.2,5400.0,0.17,0.37,107000.0,2000.0,114400.0,5456.58
63,-712.674825000111,638.6396800037473,105.68,5300.0,0.97,0.47,55800.0,1900.0,63000.0,5484.98
63,-717.534825000097,629.0796800032258,75.92,3700.0,0.11,0.39,103900.0,1300.0,108900.0,3749.26
63,-720.2548250000691,624.0296800024807,60.29,2700.0,0.08,0.22,123200.0,1000.0,126900.0,2730.48
63,-723.534825000097,618.1796800028533,42.43,4300.0,0.12,0.59,160400.0,1500.0,166200.0,4367.56
63,-727.4348250001203,611.5196800027043,22.13,3600.0,0.17,0.76,123500.0,1300.0,128400.0,3689.34
63,-730.5448250001064,606.4396800026298,6.66,3400.0000000000005,0.11,0.66,187900.0,1200.0,192500.0,3471.9400000000005
63,-734.1548250000924,600.6696800030768,-10.84,1600.0,0.12,0.4,138400.0,600.0,140600.0,1651.6
63,-737.4748250000412,595.4196800030768,-26.66,2400.0,0.12,0.66,232000.0,900.0,235300.0,2473.44
63,-740.9048250000924,590.0496800020337,-42.61,3700.0,0.13,0.96,172100.0,1300.0,177100.0,3800.14
63,-743.6248250000644,585.8996800035238,-54.95,21400.0,0.12,6.75,156800.0,5600.000000000001,183800.0,21985.0
63,-747.0548250001157,580.7096800021827,-70.37,1400.0000000000002,0.06,0.31,143700.0,600.0,145700.0,1435.0400000000002
63,-750.7648250000784,575.2096800021827,-86.51,1700.0000000000002,0.06,0.61,156100.0,600.0,158400.0,1760.2400000000002
63,-754.6548250000924,569.6296800021082,-102.58,5000.0,0.66,1.56,248000.0,1900.0,254900.0,5230.04
63,-760.034825000097,562.2796800024807,-123.53,2400.0,0.2,0.94,222400.0,800.0,225600.0,2508.96
64,-668.2648250000784,476.4896800033748,298.87,6899.999999999999,0.19,0.65,207200.0,600.0,214700.0,6983.099999999999
64,-670.284825000097,471.5796800032258,286.79,1100.0,0.05,0.23,139500.0,500.0,141100.0,1126.82
64,-670.9348250001203,470.01968000270426,282.94,700.0000000000001,0.04,0.15,225500.0,200.0,226400.0,718.6000000000001
64,-672.6348250000738,465.9996800031513,272.98,8200.0,0.46,2.34,179500.0,2400.0,190100.0,8465.56
64,-675.814825000125,458.6796800028533,254.78,10100.0,0.42,2.51,273900.0,3200.0,287200.0,10373.84
64,-678.0148250000784,453.7596800029278,242.51,2800.0000000000005,0.11,0.73,175900.0,900.0,179600.0,2877.8200000000006
64,-680.6248250000644,448.0796800032258,228.44,4100.0,0.21,1.63,224000.0,1300.0,229400.0,4268.42
64,-684.204825000139,440.4996800031513,209.73,8300.0,0.35,3.48,250000.0,2600.0,260900.0,8644.82
64,-687.4848250000505,433.72968000359833,193.1,11299.999999999998,0.64,4.93,293200.0,3700.0,308200.0,11810.119999999999
64,-691.314825000125,426.0096800029278,174.25,10200.0,0.58,4.56,289100.0,3500.0,302800.0,10670.04
64,-695.6348250000738,417.4096800033003,153.39,21100.0,1.54,9.76,407900.0,7200.0,436200.0,22150.84
64,-700.4848250000505,408.0896800030023,130.7,19000.0,1.35,7.53,409500.0,6600.0,435100.0,19835.02
64,-704.064825000125,401.3396800030023,114.33,13500.0,0.86,5.43,358400.00000000006,4500.0,376400.00000000006,14085.12
64,-705.6148250000551,398.4296800028533,107.31,7100.0,0.33,2.82,275800.0,2500.0,285400.0,7386.38
64,-706.5848250000272,396.6096800025553,102.92,8300.0,0.44,3.26,289900.0,2600.0,300800.0,8639.84
64,-708.2548250000691,393.4696800019592,95.39,19400.0,1.08,7.84,353500.0,5300.0,378200.0,20220.56
64,-711.924825000111,386.6096800025553,79.0,10700.0,0.45,4.42,272400.0,2800.0000000000005,285900.0,11138.78
64,-717.1848250001203,377.0696800034493,56.49,7400.0,0.04,3.21,183000.0,1900.0,192300.0,7675.64
64,-722.674825000111,367.4996800031513,34.06,8300.0,0.14,3.04,194000.0,2100.0,204400.0,8576.36
64,-726.564825000125,360.9196800030768,18.6,13600.000000000002,0.58,4.57,218100.0,3400.0000000000005,235100.0,14070.880000000001
64,-728.3348250000272,357.9696800019592,11.68,1400.0000000000002,0.03,0.57,18400.0,400.0,20200.0,1452.38
64,-732.9648250000319,350.30968000367284,-6.23,8700.0,0.03,1.66,13000.0,700.0000000000001,22400.0,8843.94
65,-842.9648250000319,578.3696800023317,309.73,7700.0,0.33,1.11,299200.0,200.0,307100.0,7842.74
65,-845.3348250000272,571.9596800021827,294.71,3800.0,0.1,0.92,226500.0,500.0,230800.0,3892.28
65,-847.0948250000365,567.1996800024062,283.7,4300.0,0.12,1.06,238400.0,1500.0,244200.0,4407.04
65,-850.174825000111,559.0496800020337,265.01,1800.0,0.06,0.28,163800.0,700.0000000000001,166300.0,1832.52
65,-852.5248250000877,553.0096800029278,251.2,1100.0,0.07,0.17,137000.0,500.0,138600.0,1124.78
65,-856.1548250000924,543.8196800034493,230.27,3800.0,0.18,0.66,154200.0,1400.0000000000002,159400.0,3882.44
65,-860.534825000097,532.9896800033748,205.84,3100.0,0.1,0.6,252700.0,1100.0,256900.0,3165.4
65,-865.3348250000272,521.2196800019592,179.86,2800.0000000000005,0.11,0.87,196100.0,800.0,199700.0,2889.5800000000004
65,-870.0948250000365,510.0296800024808,155.36,2600.0,0.08,1.02,232500.0,700.0000000000001,235800.0,2697.68
65,-872.8048250001157,503.8296800032258,141.98,4100.0,0.09,1.62,228600.0,1100.0,233800.0,4249.58
65,-874.284825000097,500.5096800029278,134.85,4200.0,0.06,1.7,188500.0,1000.0,193700.0,4351.8
65,-877.0448250001064,494.4196800030768,121.9,9600.0,0.17,4.5,272000.0,2500.0,284100.0,10003.5
65,-881.2448250000598,485.3196800034493,102.79,4600.0,0.12,1.51,221400.0,1200.0,227200.0,4744.84
65,-886.3348250000272,474.5696800034493,80.8,5500.0,0.22,1.88,241500.0,1300.0,248300.0,5690.92
65,-891.6348250000738,463.9296800028533,59.76,5000.0,0.13,1.28,194300.0,1200.0,200500.0,5127.02
65,-896.2648250000784,454.9296800028533,42.36,8100.000000000001,0.25,2.18,51300.0,1900.0,61300.0,8320.62
65,-900.6348250000738,446.6596800033003,26.63,2100.0,0.04,0.38,18500.0,500.0,21100.0,2137.92
65,-908.8648250000552,431.6596800033003,-1.44,2000.0,0.02,0.39,28100.0,500.0,30600.0,2035.76
66,77.47517499991227,50.26968000270426,161.11,8200.0,0.12,2.02,254800.0,2000.0,265000.0,8387.68
66,73.89517499995418,40.589680003002286,138.34,3400.0000000000005,0.08,0.82,282400.0,900.0,286700.0,3480.8800000000006
66,70.11517499992624,30.97968000359833,115.57,3300.0,0.11,0.83,250100.00000000003,900.0,254300.00000000003,3386.22
66,66.10517499991693,21.429680002853274,92.82,3200.0,0.11,0.78,239200.00000000003,800.0,243200.00000000003,3282.02
66,61.87517499993555,11.809680003672838,70.13,2600.0,0.1,0.59,241500.0,700.0000000000001,244800.0,2664.56
66,58.03517499996815,3.2796800024807453,50.44,2500.0,0.12,0.47,234400.0,800.0,237700.0,2557.48
66,55.50517499994021,-2.2303199972957373,37.71,17900.0,1.1,3.21,348500.0,5300.0,371700.0,18334.64
66,53.81517499987967,-5.830319996923208,29.36,2200.0,0.14,0.36,248200.0,700.0000000000001,251100.0,2251.24
66,52.68517499987502,-8.230319997295737,23.76,15300.0,1.1,2.82,386900.0,4800.0,407000.0,15701.88
66,50.01517499994952,-13.74031999707222,10.89,4800.0,0.39,0.88,282100.0,1500.0,288400.0,4932.42
66,45.14517499995418,-23.43031999655068,-11.64,5500.0,0.28,0.86,254900.0,1700.0000000000002,262100.0,5614.24
66,42.0851749998983,-29.49031999707222,-25.71,4000.0,0.16,0.55,249000.0,1200.0,254200.0,4070.2
67,38.30517499987036,86.80968000367284,159.66,4600.0,0.11,1.15,247100.0,1300.0,253000.0,4713.1
67,41.43517499987502,95.08968000300229,134.65,5500.0,0.18,1.47,278000.0,1500.0,285000.0,5650.48
67,44.62517499993555,103.4896800033748,109.68,8900.0,0.38,2.59,301400.0,2500.0,312800.0,9174.56
67,47.86517499992624,111.87968000210822,84.95,14200.0,1.4,2.35,471200.0,5500.0,490900.0,14607.4
67,49.72517499991227,116.72968000359832,70.72,6400.0,0.33,1.82,272900.0,1900.0,281200.0,6602.38
67,51.43517499987502,121.4696800019592,57.02,5400.0,0.35,1.41,280200.0,1600.0,287200.0,5570.94
67,53.65517499996349,128.1596800033003,38.01,5699.999999999999,0.4,1.5,315600.0,1900.0,323200.0,5885.999999999999
67,55.745174999930896,135.05968000367284,19.06,26900.0,1.14,7.07,395400.0,8100.000000000001,430400.0,27664.88
67,57.27517499995884,140.3396800030023,4.81,18600.0,1.59,5.41,450000.0,6400.0,475000.0,19292.94
67,58.09517499990761,143.20968000218272,-2.91,10000.0,0.51,3.1,315500.0,3300.0,328800.0,10336.9
67,59.37517499993555,147.75968000292778,-15.19,23300.0,1.93,4.99,397800.0,7700.0,428800.0,24008.66
67,60.34517499990761,151.28968000225723,-24.7,18600.0,1.17,6.21,352100.0,5900.0,376600.0,19297.14
67,61.14517499995418,154.14968000352383,-32.4,18900.0,1.64,5.35,417800.0,6400.0,443100.0,19595.4
67,62.80517499987036,160.28968000225723,-48.78,5900.0,0.38,2.08,267400.0,1800.0,275100.0,6131.72
67,64.05517499987036,165.25968000292778,-61.79,38500.0,4.98,7.36,491500.0,14600.0,544600.0,39865.24
67,64.39517499995418,166.64968000352383,-65.41,20100.0,1.59,2.62,398400.00000000006,8700.0,427200.00000000006,20558.58
68,-991.2748250000876,609.7996800020337,330.19,8000.0,0.91,6.34,324400.0,400.0,332800.0,8669.06
68,-993.6648250001016,602.6196800023317,314.28,19000.0,0.46,4.7,283100.0,2200.0,304300.0,19463.8
68,-995.204825000139,597.8296800032258,303.77,30300.0,0.87,8.97,381100.0,11000.0,422400.0,31183.98
68,-996.8948250000832,592.7096800021827,292.55,11000.0,0.78,4.07,282800.0,3900.0,297700.0,11458.88
68,-998.454825000139,588.0996800027788,282.46,27900.0,2.18,9.56,395000.0,10400.0,433300.0,29030.04
68,-999.8548250000458,584.1796800028533,273.92,12500.0,0.42,4.73,270300.0,4500.0,287300.0,12960.32
68,-1002.0748250001344,578.1296800021082,260.79,26400.0,1.63,9.43,407900.0,9600.0,443900.0,27436.62
68,-1004.534825000097,571.6296800021082,246.74,11600.0,0.96,3.61,334400.0,5000.0,351000.0,12047.24
68,-1005.7248250000412,568.5496800020337,240.15,4500.0,0.41,1.57,354700.0,2000.0,361200.0,4693.38
68,-1006.7448250000598,565.9796800035983,234.71,5900.0,0.17,2.24,325000.0,1900.0,332800.0,6113.66
68,-1009.5848250000272,558.9996800031513,220.03,4100.0,0.13,1.47,262300.0,1400.0000000000002,267800.0,4242.98
68,-1014.174825000111,548.3196800034493,197.9,7800.0,0.44,2.66,287000.0,2700.0,297500.0,8089.44
68,-1017.564825000125,540.6696800030768,182.42,3000.0,0.06,0.57,288100.0,2000.0,293100.0,3056.88
68,-1021.174825000111,532.9796800035983,167.0,6400.0,0.1,1.94,39500.0,1900.0,47800.0,6577.96
68,-1025.2648250000784,524.4096800033003,149.83,2300.0,0.03,0.3,10500.0,1100.0,13900.0,2329.7
69,299.6451749999542,-89.0303199980408,143.98,37400.0,3.2,7.1,497400.0,13000.0,547800.0,38476.4
69,296.6551749999635,-96.2503199968487,121.63,23700.0,2.94,4.0,462700.00000000006,8800.0,495200.00000000006,24477.0
69,293.5651749998797,-103.44031999632716,99.29,7300.0,2.25,1.44,296500.0,2500.0,306300.0,7758.46
69,290.1451749999542,-111.0003199968487,75.7,3300.0,0.45,0.72,256400.0,1000.0,260700.0,3427.98
69,287.4051749999635,-116.79031999781728,57.58,3200.0,0.24,0.83,252300.0,1000.0,256500.0,3305.72
69,284.5951749999076,-122.56031999737024,39.46,24400.0,2.55,5.75,483200.0,8300.0,515900.0,25265.5
69,280.95517499989364,-130.11031999625266,15.9,27600.0,2.92,5.88,493500.0,10400.0,531500.0,28531.92
69,277.22517499991227,-137.65031999722123,-7.64,22700.0,2.78,3.42,499800.0,9100.0,531600.0,23404.28
69,273.4851749999216,-145.2003199979663,-31.17,39900.0,3.47,6.02,499600.0,14400.0,553900.0,40926.18
69,269.8051749998704,-152.74031999707222,-54.72,24400.0,2.54,3.28,497600.0,10000.0,532000.0,25056.52
69,266.4951749999309,-159.63031999766827,-76.29,35600.0,2.27,9.99,462100.0,11200.000000000002,508900.0,36779.66
69,263.2351749999216,-166.56031999737024,-97.84,6600.0,0.38,1.73,291500.0,1900.0,300000.0,6802.32
69,259.7651749999495,-174.31031999737024,-121.35,3400.0000000000005,0.14,0.98,262600.0,1000.0,267000.0,3503.3200000000006
69,256.1751749998657,-182.0803199969232,-144.84,3700.0,0.18,0.95,224300.0,1200.0,229200.0,3806.8
69,253.77517499995884,-187.1903199963272,-160.4,4000.0,0.17,1.07,239800.0,1300.0,245100.0,4115.38
69,252.8351749998983,-189.1903199963272,-166.49,9000.0,0.49,2.32,269800.0,3000.0,281800.0,9268.38
69,252.14517499995415,-190.6703199967742,-170.97,8200.0,0.56,2.41,205300.0,2600.0,216100.0,8486.44
69,251.54517499986105,-191.9403199963272,-174.85,2500.0,0.11,0.69,231300.0,900.0,234700.0,2574.46
69,250.14517499995415,-194.9403199963272,-184.0,1800.0,0.06,0.56,184700.0,600.0,187100.0,1856.04
69,248.7451749999309,-197.97031999751923,-193.21,8100.000000000001,0.28,1.6,160400.0,3000.0,171500.0,8276.400000000001
69,248.12517499993555,-199.32031999714675,-197.3,900.0,0.04,0.29,184900.0,300.0,186100.0,930.36
69,247.21517499990296,-201.2803199980408,-203.27,2500.0,0.12,0.61,249900.0,900.0,253300.0,2569.24
69,245.1651749999728,-205.65031999722123,-216.57,1000.0,0.03,0.23,212600.00000000003,300.0,213900.00000000003,1023.82
69,242.9851749999216,-210.1703199967742,-230.33,8300.0,0.84,2.26,302400.0,3200.0,313900.0,8615.84
69,242.0051749999402,-212.1903199963272,-236.41,300.0,0.01,0.11,241900.0,200.0,242400.0,310.74
69,241.3051749998704,-213.63031999766827,-240.75,10700.0,0.73,2.86,339700.0,4800.0,355200.0,11049.74
69,240.5051749999402,-215.2603199966252,-245.67,1300.0,0.08,0.47,227900.0,500.0,229700.0,1351.48
69,239.69517499988436,-216.9203199967742,-250.64,4100.0,0.38,1.01,277300.0,1900.0,283300.0,4241.84
69,237.35517499991693,-221.68031999655068,-264.97,5900.0,0.59,1.57,281100.0,2700.0,289700.0,6120.38
69,234.9951749999309,-226.5003199968487,-279.48,16100.000000000002,2.21,3.43,428300.0,9700.0,454100.0,16719.62
69,234.14517499995415,-228.2303199972957,-284.69,2000.0,0.24,0.59,250600.0,800.0,253400.0,2085.56
69,232.6751749998657,-231.22031999751923,-293.69,25900.0,1.64,7.75,485700.0,10400.0,522000.0,26797.0
70,-950.314825000125,553.3996800035238,324.78,24200.0,1.0,5.32,348700.0,4100.0,377000.0,24796.88
70,-952.0148250000784,548.3896800037473,313.29,29600.0,3.29,9.51,434600.0,10700.0,474900.0,30892.34
70,-952.6048250000458,546.6596800033003,309.32,16900.0,1.47,5.66,293900.0,6000.0,316800.0,17595.94
70,-953.3248250001344,544.5696800034493,304.55,17800.0,1.27,6.67,401700.0,6200.0,425700.0,18550.78
70,-954.3448250000364,541.6796800028533,297.95,8200.0,0.34,3.06,303400.0,3000.0,314600.0,8508.04
70,-955.8548250000458,537.4896800033748,288.47,7200.0,0.17,2.75,348300.0,2200.0,357700.0,7456.5
70,-957.0248250000876,534.3396800030023,281.38,14100.0,0.11,5.3,417100.0,4300.0,435500.0,14561.7
70,-958.4348250001204,530.5896800030023,273.02,8800.0,0.1,3.1,277400.0,2600.0,288800.0,9075.4
70,-959.784825000097,527.1096800025553,265.38,9300.0,0.11,3.16,348400.00000000006,2800.0000000000005,360500.00000000006,9581.94
70,-961.6848250001204,522.3596800025553,255.02,4300.0,0.15,1.7,250400.0,1300.0,256000.0,4465.3
70,-964.8048250001156,514.7896800022572,238.65,24700.000000000004,1.67,5.96,396800.0,8400.0,429900.0,25451.140000000003
70,-968.9448250001296,505.1096800025553,218.06,8500.0,0.59,2.94,211800.0,2900.0,223200.0,8835.46
70,-972.3548250000458,497.72968000359833,202.63,2600.0,0.06,0.72,59400.00000000001,900.0,62900.00000000001,2669.48
70,-973.964825000032,494.38968000374734,195.74,4900.0,0.09,1.17,108900.0,1700.0000000000002,115500.0,5011.78
70,-977.7248250000412,486.7996800020337,180.28,2500.0,0.02,0.94,31200.0,800.0,34500.0,2581.96
70,-982.1548250000924,478.18968000262976,162.95,3700.0,0.03,1.58,28100.0,900.0,32700.0,3837.22
70,-986.1548250000924,470.6496800035238,147.85,1400.0000000000002,0.01,0.57,28900.0,300.0,30600.0,1449.38
71,382.935174999875,-110.71031999774276,155.42,7700.0,0.52,1.67,293800.0,2600.0,304100.0,7918.28
71,380.96517499990296,-115.63031999766828,140.02,28400.0,2.35,4.24,491300.0,10800.0,530500.0,29108.66
71,377.7451749999309,-123.64031999744476,114.78,27500.0,2.61,5.66,470100.0,9400.0,507000.0,28366.94
71,375.69517499988433,-128.60031999647617,99.0,10600.0,0.66,2.95,316300.0,3400.0000000000005,330300.0,10946.8
71,373.6251749999356,-133.46031999774277,83.33,21900.0,2.42,3.19,484800.0,9100.0,515800.0,22530.96
71,370.2551749999402,-141.14031999744475,58.27,18600.0,3.02,2.81,470300.0,8900.0,497800.0,19289.04
71,367.6451749999542,-146.9203199967742,39.32,46300.0,2.09,15.05,429400.0,13400.0,489100.0,47877.7
71,365.5551749998704,-151.44031999632716,24.51,5900.0,0.27,1.64,314600.0,1900.0,322400.0,6078.26
71,362.13517499994487,-158.40031999722123,1.37,34700.0,2.11,8.92,455500.0,10600.0,500800.0,35765.78
71,359.2651749999495,-163.79031999781728,-17.17,3700.0,0.12,1.12,210400.0,1100.0,215200.0,3812.08
71,356.5651749998797,-168.96031999774277,-34.96,30400.0,3.27,3.93,463100.0,13100.0,506600.0,31220.62
71,353.575174999889,-174.69031999632716,-54.71,29100.0,2.62,4.74,470500.0,12500.0,512100.0,29891.16
71,352.1451749999542,-177.43031999655068,-64.17,4600.0,0.17,1.74,275900.0,1500.0,282000.0,4771.66
72,-1050.4048250000924,596.6296800021082,344.13,8700.0,0.92,3.84,332000.0,100.0,340800.0,9160.56
72,-1052.7348250000505,589.4896800033748,327.56,2700.0,0.08,0.95,259800.0,500.0,263000.0,2791.8
72,-1053.8748250000644,585.9696800019592,319.46,8700.0,0.45,3.12,324200.0,2700.0,335600.0,9029.58
72,-1054.9448250001296,582.6696800030768,311.92,10800.0,0.45,7.6,340600.0,2700.0,354100.0,11505.9
72,-1056.1148250000551,579.0996800027788,303.82,10000.0,0.54,3.9,339300.0,3200.0,352500.0,10408.6
72,-1058.674825000111,571.5096800029278,286.82,4600.0,0.25,1.54,273700.0,1500.0,279800.0,4766.86
72,-1061.2348250000505,564.2196800019592,270.81,9800.0,0.67,2.52,302400.0,3800.0,316000.0,10112.18
72,-1062.6648250001017,560.3496800027788,262.39,3800.0,0.1,0.89,257400.0,2100.0,263300.0,3889.76
72,-1064.3248250001343,555.9896800033748,252.98,3100.0,0.07,0.95,356100.0,2600.0,361800.0,3190.3
72,-1065.2348250000505,553.6596800033003,247.95,2100.0,0.04,0.63,194800.0,1600.0,198500.0,2158.92
72,-1066.3248250001343,550.8496800027788,241.93,3900.0,0.04,0.42,21000.0,1000.0,25900.0,3941.28
73,943.0251749999588,-744.1403199974447,419.3,2700.0,0.04,0.51,217600.00000000003,100.0,220400.00000000003,2748.84
73,939.4851749999216,-753.4703199975193,396.38,2900.0,0.04,0.65,204900.0,100.0,207900.0,2960.6
73,936.1151749999262,-762.7403199970722,373.4,3000.0,0.04,0.64,201900.0,400.0,205300.0,3059.76
73,932.8551749999168,-771.9503199979663,350.39,2500.0,0.07,0.72,215200.0,800.0,218500.0,2570.98
73,929.685174999875,-780.9803199972957,327.89,3400.0000000000005,0.13,0.97,252700.0,1200.0,257300.0,3500.9800000000005
73,927.7551749999402,-786.4203199967742,314.32,14400.0,0.65,3.83,374800.0,5100.0,394300.0,14819.22
73,926.6151749999262,-789.6103199962527,306.33,4700.0,0.29,1.24,273500.0,1700.0000000000002,279900.0,4847.66
73,925.535174999968,-792.5903199966997,298.85,7100.0,0.41,2.1,286100.0,2500.0,295700.0,7337.9
73,923.5551749998704,-798.0103199966252,285.28,4000.0,0.26,0.97,283700.0,1500.0,289200.0,4120.48
73,921.185174999875,-804.4903199970722,269.17,5300.0,0.13,1.5,265100.0,1800.0,272200.0,5445.5
73,919.9851749999216,-807.7503199968487,261.19,200.0,0.02,0.1,155500.0,100.0,155800.0,211.4
73,917.715174999903,-813.8603199962527,246.39,1000.0,0.04,0.41,200800.0,400.0,202200.0,1040.44
73,914.1251749999356,-823.4303199965507,223.57,2100.0,0.1,0.64,215600.0,800.0,218500.0,2168.76
73,910.4151749999728,-833.0803199969232,200.81,1100.0,0.03,0.24,174600.0,400.0,176100.0,1124.66
73,907.6451749999542,-840.1903199963272,184.29,1100.0,0.03,0.19,168400.0,400.0,169900.0,1120.46
74,-546.3348250000272,513.1796800028533,277.4,10100.0,0.29,1.33,200100.00000000003,1800.0,212000.00000000003,10255.22
74,-549.924825000111,503.6796800028533,254.56,5600.000000000001,0.25,0.91,258900.0,2100.0,266600.0,5713.9400000000005
74,-553.6848250001203,494.0996800027788,231.77,10400.0,0.25,1.59,271100.0,3700.0,285200.0,10571.06
74,-557.6248250000644,484.44968000240624,209.05,10200.0,0.18,1.53,269500.0,3500.0,283200.0,10355.52
74,-560.7148250000319,477.1196800023317,191.9,8700.0,0.18,1.87,262700.0,3100.0,274500.0,8884.08
74,-563.8648250000551,469.6696800030768,174.82,3700.0,0.07,0.88,155900.0,1300.0,160900.0,3784.42
74,-568.2648250000784,459.5896800030023,152.37,5000.0,0.74,1.24,194600.0,1700.0000000000002,201300.0,5215.16
74,-571.4348250001203,452.5796800032258,136.96,4500.0,0.2,1.05,212600.00000000003,1600.0,218700.00000000003,4618.2
74,-573.6048250000458,447.9996800031513,126.95,10200.0,0.49,1.79,309300.0,4100.0,323600.0,10423.86
74,-576.1948250001296,442.6596800033003,115.46,2800.0000000000005,0.2,0.58,220700.0,1100.0,224600.0,2878.7200000000003
74,-578.8648250000551,437.19968000240624,103.92,6200.0,0.34,1.11,274200.0,2300.0,282700.0,6344.24
74,-582.9848250000505,429.0596800036728,87.1,4000.0,0.14,0.89,218800.0,1400.0000000000002,224200.0,4095.76
74,-586.9748250000412,421.43968000262976,71.61,8500.0,0.38,2.22,240300.0,2800.0000000000005,251600.0,8743.48
74,-591.0848250000272,413.72968000359833,56.19,7600.0,0.58,2.31,273700.0,2500.0,283800.0,7881.04
74,-597.1148250000551,402.7896800022572,34.53,8900.0,0.61,3.16,269600.0,2800.0000000000005,281300.0,9256.94
74,-603.4648250000319,391.8196800034493,12.98,9100.0,0.54,3.62,274400.0,2900.0,286400.0,9485.08
74,-609.954825000139,380.9996800031513,-7.82,9100.0,0.45,3.91,258000.0,2800.0000000000005,269900.0,9495.94
74,-616.8248250001343,369.72968000359833,-29.07,4300.0,0.18,2.25,240700.0,1300.0,246300.0,4516.0
74,-624.064825000125,358.01968000270426,-50.77,27900.0,1.56,7.86,380100.0,10100.0,418100.0,28794.24
74,-628.564825000125,350.8796800021082,-63.78,15200.0,0.54,6.76,330200.00000000006,4500.0,349900.00000000006,15848.84
74,-633.174825000111,343.6496800035238,-76.69,14900.0,0.81,4.5,346200.0,5200.0,366300.0,15399.5
74,-640.7648250000784,331.85968000255525,-97.39,13300.0,0.64,4.76,228100.0,3400.0000000000005,244800.0,13795.84
74,-645.6048250000458,324.3296800032258,-110.5,2300.0,0.1,0.77,237500.0,600.0,240400.0,2379.68
74,-649.8648250000551,317.7496800031513,-121.95,500.0,0.11,0.18,55599.99999999999,200.0,56299.99999999999,531.62
75,-631.0248250000877,285.26968000270426,387.22,2400.0,0.09,1.47,261500.0,300.0,264200.0,2536.98
75,-633.2948250001064,278.8496800027788,371.37,3700.0,0.1,0.69,213300.0,100.0,217100.0,3772.96
75,-636.5148250000784,270.1496800035238,349.21,3800.0,0.1,0.8,227800.0,600.0,232200.0,3882.2
75,-639.8448250000365,261.3496800027788,327.0,2200.0,0.06,0.52,232100.0,700.0000000000001,235000.0,2252.68
75,-642.3548250000458,255.11968000233173,311.33,2000.0,0.07,0.44,243300.0,700.0000000000001,246000.0,2047.46
75,-645.064825000125,248.7196800019592,295.62,4100.0,0.04,1.15,44100.0,1400.0000000000002,49600.0,4202.6
75,-649.3648250000551,238.9696800019592,272.73,5300.0,0.05,1.21,31000.0,1500.0,37800.0,5409.14
76,478.78517499996815,-173.64031999744475,172.06,24200.0,0.91,5.6,491900.0,8600.0,524700.0,24806.9
76,476.8951749999542,-178.13031999766827,157.98,6600.0,0.96,1.34,307000.0,2400.0,316000.0,6856.56
76,475.36517499992624,-181.7003199979663,146.95,46000.0,3.07,13.45,500000.0,14400.0,560400.0,47590.3
76,473.3351749998983,-186.37031999789176,132.57,5699.999999999999,0.38,1.16,361500.0,2300.0,369500.0,5854.439999999999
76,471.0151749999495,-191.4803199972957,116.68,6500.0,1.15,1.57,316900.0,2300.0,325700.0,6804.38
76,469.2751749999589,-195.2303199972957,105.05,5600.000000000001,0.38,1.09,398100.0,2200.0,405900.0,5748.560000000001
76,467.6451749999542,-198.6603199969977,94.38,8300.0,0.54,1.67,488400.00000000006,3500.0,500200.00000000006,8521.28
76,466.5851749998983,-200.8403199966997,87.57,5600.000000000001,0.34,1.15,383400.00000000006,2100.0,391100.00000000006,5747.600000000001
76,463.88517499994487,-206.32031999714675,70.45,8700.0,0.51,2.18,466400.0,3000.0,478100.0,8959.62
76,461.325174999889,-211.4603199977428,54.48,8500.0,0.58,1.87,420900.00000000006,3000.0,432400.00000000006,8744.08
76,459.6251749999356,-214.82031999714675,44.04,29400.0,1.9,5.27,499000.0,13200.0,541600.0,30127.68
76,457.7251749999122,-218.49031999707225,32.61,9700.0,0.65,1.74,404000.0,4900.0,418600.0,9943.66
76,455.6451749999542,-222.39031999744475,20.44,4900.0,0.2,1.58,205900.0,1500.0,212300.0,5062.72
76,453.0951749999076,-227.06031999737024,5.94,22900.0,2.12,3.68,493400.00000000006,10500.0,526800.0,23527.12
76,451.4251749998657,-230.10031999647617,-3.47,8700.0,1.45,0.99,345800.0,5400.0,359900.0,9000.66
76,450.4551749998936,-231.86031999625263,-8.91,31400.0,2.21,5.84,500000.0,10800.0,542200.0,32222.06
76,448.28517499996815,-235.79031999781728,-20.98,5800.0,0.41,1.5,258500.0,1800.0,266100.0,5987.5
76,446.0051749999402,-239.85031999647617,-33.33,34700.0,2.19,9.67,413300.0,11200.000000000002,459200.0,35840.78
76,443.4151749999728,-244.4203199967742,-47.22,17200.0,1.28,4.51,274500.0,5200.0,296900.0,17770.84
76,438.86517499992624,-252.11031999625263,-70.57,6000.0,0.66,1.25,263800.0,2100.0,271900.0,6204.0
76,435.4251749998657,-257.65031999722123,-87.24,5600.000000000001,0.54,0.95,297600.0,2300.0,305500.0,5760.800000000001
76,432.61517499992624,-262.0103199966252,-100.27,8100.000000000001,0.49,2.18,254800.0,2400.0,265300.0,8356.62
76,429.8451749999076,-266.1703199967742,-112.57,32300.0,1.24,11.48,413800.0,9300.0,455400.0,33450.32
76,425.2651749999495,-272.80031999759376,-132.07,17100.0,1.32,3.5,441300.0,7200.0,465600.0,17592.0
76,420.4551749998936,-279.4603199977428,-151.53,2900.0,0.25,0.64,296900.0,1200.0,301000.0,2991.26
76,414.54517499986105,-287.1803199965507,-174.04,4200.0,0.15,1.05,275200.0,1600.0,281000.0,4310.7
76,408.0251749999589,-295.1703199967742,-197.23,7400.0,0.42,1.39,355000.0,3600.0,366000.0,7579.76
76,401.0851749998983,-303.1603199969977,-220.3,3100.0,0.28,0.87,254000.0,1400.0000000000002,258500.0,3215.08
76,397.0151749999495,-307.6803199965507,-233.29,30400.0,1.27,11.61,494500.0,9700.0,534600.0,31565.74
76,392.88517499994487,-312.1903199963272,-246.05,7600.0,0.45,2.9,254600.0,2400.0,264600.0,7911.1
76,387.0151749999495,-318.47031999751925,-263.47,12300.0,0.47,5.67,282400.0,3600.0,298300.0,12846.78
76,383.9151749999728,-321.73031999729574,-272.4,3700.0,0.22,1.36,284100.0,1300.0,289100.0,3847.24
76,379.03517499996815,-326.80031999759376,-286.29,6100.0,0.29,2.6,266900.0,2200.0,275200.0,6361.9
76,371.03517499996815,-335.1003199964762,-308.48,7800.0,0.39,2.72,281700.0,3100.0,292600.0,8086.98
76,364.8751749999356,-341.4903199970722,-325.53,6200.0,0.34,1.97,293000.0,3200.0,302400.0,6416.48
77,-720.4848250000505,343.8396800030023,350.71,3900.0,0.16,0.9,193000.0,100.0,197000.0,3999.6
77,-725.2948250001064,332.7496800031513,328.83,7100.0,0.09,2.08,151800.0,1600.0,160500.0,7288.22
77,-730.3548250000458,321.69968000240624,306.98,1900.0,0.04,0.45,229400.0,600.0,231900.0,1943.8
77,-734.3848250000738,313.4296800028533,290.79,5000.0,0.09,0.97,241100.0,1500.0,247600.0,5094.98
77,-738.6348250000738,305.10968000255525,274.68,4200.0,0.04,0.84,25500.0,1300.0,31000.0,4276.56
77,-742.4148250001017,297.7996800020337,260.52,3000.0,0.05,0.57,93700.0,1000.0,97700.0,3055.38
78,-619.034825000097,603.4496800024062,275.08,10600.0,2.25,0.93,118500.0,100.0,129200.0,11015.62
78,-622.8348250000272,593.8896800037473,252.3,6700.0,0.26,0.79,112900.0,2300.0,121900.0,6805.36
78,-625.284825000097,587.7896800022572,237.93,11000.0,1.03,1.07,169300.0,6100.0,186400.0,11244.38
78,-626.9848250000505,583.6296800021082,228.19,4000.0,0.25,0.48,142600.0,1500.0,148100.0,4077.82
78,-630.2648250000784,575.8696800023317,210.14,10100.0,0.18,1.09,132300.0,3300.0,145700.0,10218.56
78,-634.6448250000831,566.0796800032258,187.56,6200.0,0.11,1.0,118700.0,2000.0,126900.0,6300.5
78,-638.4448250001296,558.1196800023317,169.22,8200.0,0.68,1.18,144000.0,3100.0,155300.0,8401.12
78,-642.4648250000319,550.1696800030768,150.92,6500.0,0.16,0.9,184000.0,2600.0,193100.0,6599.6
78,-647.7348250000505,540.3096800036728,128.56,7800.0,0.58,1.34,219600.0,2700.0,230100.0,7999.56
78,-652.9048250000924,531.2896800022572,108.3,3300.0,0.13,1.33,201400.0,1100.0,205800.0,3431.22
78,-658.314825000125,522.2896800022572,88.08,1400.0000000000002,0.04,0.28,147200.0,500.0,149100.0,1429.5200000000002
78,-664.0448250001064,513.1396800037473,67.61,1800.0,0.1,0.27,172399.99999999997,600.0,174799.99999999997,1837.68
78,-668.1948250001296,506.7596800029278,53.45,3500.0,0.16,0.75,184100.0,1300.0,188900.0,3587.0
78,-673.0148250000784,499.6196800023317,37.73,6600.0,0.28,1.47,211000.0,2200.0,219800.0,6765.48
78,-680.064825000125,489.51968000270426,15.98,2300.0,0.08,0.5,184900.0,700.0000000000001,187900.0,2354.0
78,-686.3948250000831,480.8096800036728,-2.23,3800.0,0.17,0.82,188500.0,1200.0,193500.0,3894.38
78,-692.3948250000831,472.8296800032258,-18.6,4700.0,0.21,1.74,234000.0,1400.0000000000002,240100.0,4877.66
78,-699.4748250000412,463.5696800034493,-37.35,8000.0,0.42,3.75,276900.0,2200.0,287100.0,8378.0
78,-706.674825000111,454.3096800036728,-55.93,7800.0,0.49,3.24,318300.0,2600.0,328700.0,8145.66
78,-712.8648250000551,446.4196800030768,-71.41,29600.0,0.97,10.44,418900.0,7600.0,456100.0,30622.46
78,-719.9048250000924,437.5496800020337,-88.53,14000.0,0.53,6.52,310400.0,3500.0,327900.0,14627.18
78,-728.7448250000598,426.5596800036728,-109.17,15100.0,0.11,5.82,220200.0,4000.0,239300.0,15605.38
78,-734.9648250000319,418.8496800027788,-123.48,17100.0,0.55,6.33,243800.0,4600.0,265500.0,17714.22
79,888.2551749999402,-754.5103199966252,413.92,6500.0,0.1,0.91,211300.0,100.0,217900.0,6591.44
79,885.0251749999588,-762.0003199968487,390.29,4500.0,0.09,0.92,203400.0,100.0,208000.0,4590.78
79,882.1051749999169,-768.4803199972957,369.57,700.0000000000001,0.03,0.21,208300.0,200.0,209200.0,722.1400000000001
79,879.1751749998657,-775.0203199964017,348.88,1000.0,0.02,0.27,211100.0,300.0,212400.0,1025.68
79,876.8051749998704,-780.2903199978173,332.55,3800.0,0.51,1.03,265200.0,1200.0,270200.0,3963.02
79,875.9151749999728,-782.2503199968487,326.6,400.0,0.03,0.13,192900.0,100.0,193400.0,415.42
79,873.9251749998657,-786.6203199978918,313.45,3600.0,0.31,1.15,242900.0,1300.0,247800.0,3743.1
79,870.215174999903,-794.6003199964762,290.05,800.0,0.03,0.33,168900.0,300.0,170000.0,832.22
79,866.6051749999169,-802.2803199980408,268.78,900.0,0.03,0.24,198700.0,300.0,199900.0,924.66
79,862.8551749999169,-810.2203199975193,247.63,3100.0,0.18,0.44,197200.0,1600.0,201900.0,3163.96
79,859.8951749999542,-816.3603199962527,231.57,11000.0,1.23,1.5,140000.0,3800.0,154800.0,11310.5
80,903.325174999889,-716.4703199975193,419.13,8400.0,0.22,0.92,227000.0,100.0,235500.0,8510.28
80,900.4451749998843,-724.3303199969232,395.57,5500.0,0.04,0.54,225400.0,200.0,231100.0,5551.36
80,897.5151749999495,-732.0003199968487,371.95,21100.0,1.24,4.7,331700.0,6400.0,359200.0,21680.8
80,895.0851749998983,-738.4203199967742,352.27,5400.0,0.13,1.22,293100.0,1700.0000000000002,300200.0,5521.98
80,892.7351749999216,-744.4303199965507,333.81,2500.0,0.1,0.72,223500.0,800.0,226800.0,2575.48
80,889.795174999861,-751.7303199972957,311.46,2500.0,0.08,0.73,212400.0,700.0000000000001,215600.0,2573.32
80,886.6051749999169,-759.5103199966252,287.91,7300.0,0.41,1.85,265000.0,2600.0,274900.0,7516.9
80,884.1551749999635,-765.3903199974447,270.36,8100.000000000001,0.52,2.68,290700.0,2900.0,301700.0,8403.12
80,883.0951749999076,-767.9003199972212,262.92,24900.000000000004,0.98,5.12,407700.00000000006,9800.0,442400.00000000006,25477.080000000005
80,881.5351749999681,-771.5703199971467,252.11,6700.0,0.4,1.58,256300.0,2200.0,265200.0,6892.72
80,879.4751749999123,-776.3803199976683,237.94,2700.0,0.12,0.95,239900.0,900.0,243500.0,2797.8
80,877.0151749999495,-782.1103199962527,221.24,1200.0,0.04,0.43,183300.0,400.0,184900.0,1242.12
80,873.465174999903,-790.2603199966252,197.88,1000.0,0.06,0.31,197400.0,300.0,198700.0,1035.04
80,869.8051749998704,-798.5303199980408,174.57,2600.0,0.11,0.52,199500.0,900.0,203000.0,2660.18
80,866.8451749999076,-805.1703199967742,156.02,2800.0000000000005,0.13,0.54,193100.0,1000.0,196900.0,2864.8600000000006
81,922.8751749999356,-667.0603199973702,418.14,9000.0,0.42,1.34,287000.0,100.0,296100.0,9175.56
81,920.3051749998704,-674.7403199970722,393.93,18700.0,0.6,2.54,341400.0,1400.0000000000002,361500.0,19003.36
81,917.795174999861,-682.4003199972212,369.71,4000.0,0.08,0.94,255200.0,1200.0,260400.0,4090.96
81,915.3151749998796,-690.1303199976683,345.5,2000.0,0.05,0.53,215400.0,600.0,218000.0,2052.02
81,912.715174999903,-697.8003199975938,321.29,7100.0,0.31,1.89,253700.0,2300.0,263100.0,7305.26
81,911.1351749999448,-702.3403199966997,306.96,1500.0,0.08,0.45,218000.0,500.0,220000.0,1549.8
81,909.5551749998704,-706.8203199971467,292.89,7300.0,0.47,1.9,280900.0,2300.0,290500.0,7530.1
81,906.785174999968,-714.4203199967742,269.24,4800.0,0.19,1.42,264900.0,1600.0,271300.0,4947.78
81,903.9551749998936,-722.1603199969977,245.64,3300.0,0.19,1.01,264300.0,1100.0,268700.0,3413.34
81,901.8051749998704,-727.9203199967742,228.37,14100.0,0.52,3.62,253600.0,4300.0,272000.0,14482.08
81,900.4251749998657,-731.5403199978173,217.73,1300.0,0.07,0.42,203300.0,500.0,205100.0,1345.78
81,898.1551749999635,-737.3503199964762,200.84,7300.0,0.43,1.81,289500.0,2500.0,299300.0,7516.54
81,896.1951749998843,-742.4203199967742,186.17,6100.0,0.19,1.25,260400.0,2200.0,268700.0,6233.5
81,895.5851749998983,-744.0003199968487,181.62,13500.0,0.44,2.57,376500.0,5000.0,395000.0,13781.88
81,894.2051749998936,-747.5603199973702,171.34,4400.0,0.18,0.97,266200.0,1500.0,272100.0,4508.48
81,891.5051749999402,-754.4303199965507,151.86,3100.0,0.13,0.88,237400.0,1100.0,241600.0,3193.42
81,889.575174999889,-759.2903199978173,138.31,3900.0,0.13,1.39,292000.0,1400.0000000000002,297300.0,4036.26
81,888.2351749999216,-762.6303199976683,128.97,1600.0,0.05,0.49,224700.0,600.0,226900.0,1648.66
81,885.6651749999728,-769.2203199975193,110.82,3800.0,0.14,1.17,255600.0,1400.0000000000002,260800.0,3919.28
82,874.325174999889,-790.6003199964762,404.47,4900.0,0.08,0.68,240400.0,100.0,245400.0,4969.12
82,871.3051749998704,-798.0403199978173,380.79,2400.0,0.09,0.6,233100.0,400.0,235900.0,2463.9
82,869.295174999861,-803.0303199980408,365.09,3900.0,0.29,1.17,270500.0,1300.0,275700.0,4041.78
82,868.4951749999309,-805.0903199966997,358.63,4400.0,0.21,1.19,342900.0,2000.0,349300.0,4531.46
82,867.9451749998843,-806.5103199966252,354.18,3400.0000000000005,0.1,1.11,300500.0,1400.0000000000002,305300.0,3508.2400000000007
82,866.2551749999402,-810.8603199962527,340.48,1000.0,0.05,0.42,180100.00000000003,300.0,181400.00000000003,1042.78
82,864.4451749998843,-815.5203199964017,325.79,500.0,0.02,0.13,187500.0,200.0,188200.0,513.92
82,863.0251749999588,-819.1503199972212,314.3,1000.0,0.05,0.2,181400.0,400.0,182800.0,1024.3
82,860.965174999903,-824.4603199977428,297.46,5000.0,0.29,0.43,221800.0,3700.0,230500.0,5079.62
82,858.4951749999309,-830.7203199975193,277.39,1800.0,0.17,0.21,64600.0,700.0000000000001,67100.0,1843.14
82,855.5951749999076,-838.1603199969977,253.7,5699.999999999999,0.32,0.65,62900.0,2100.0,70700.0,5802.599999999999
82,852.715174999903,-845.5803199969232,230.0,6300.0,0.34,0.81,74500.0,2800.0000000000005,83600.0,6419.04
82,849.7651749999495,-853.0303199980408,206.32,8400.0,0.28,1.22,69200.0,3300.0,80900.0,8544.48
82,846.8051749998704,-860.5003199968487,182.64,4400.0,0.17,0.66,76700.0,1900.0,83000.0,4480.94
82,843.7751749999588,-867.9903199970722,158.99,3900.0,0.15,0.65,56100.0,1900.0,61900.0,3977.1
82,841.1651749999728,-874.4303199965507,138.82,4300.0,0.15,0.79,53600.0,1800.0,59700.0,4388.86
83,272.27517499995884,-410.0803199969232,248.51,2600.0,0.1,0.58,246200.0,900.0,249700.0,2663.72
83,268.9451749998844,-418.2103199977428,223.76,6600.0,0.14,2.14,247800.0,2300.0,256700.0,6800.76
83,265.4951749999309,-426.5803199969232,199.1,600.0,0.05,0.17,172800.0,200.0,173600.0,621.78
83,260.4051749999635,-438.8503199964762,163.32,4500.0,0.06,1.03,234000.0,1800.0,240300.0,4595.52
83,256.8351749998983,-447.1403199974448,139.61,5200.0,0.14,1.72,260200.0,1700.0000000000002,267100.0,5365.48
83,252.94517499988436,-455.4903199970722,115.97,4400.0,0.17,0.99,282000.0,1300.0,287700.0,4508.66
83,248.9851749999216,-463.8703199978918,92.35,2800.0000000000005,0.1,0.79,215000.0,1100.0,218900.0,2881.3600000000006
83,244.87517499993555,-472.3603199962527,68.8,2600.0,0.12,1.01,180400.0,1300.0,184300.0,2702.84
84,858.325174999889,-831.5303199980408,405.04,10500.0,0.19,2.29,272900.0,300.0,283700.0,10720.86
84,855.4751749999123,-838.6603199969977,381.03,2400.0,0.07,0.69,198800.0,100.0,201300.0,2468.46
84,852.5151749999495,-845.7503199968487,357.02,7200.0,0.22,1.0,130700.0,1000.0,138900.0,7317.0
84,849.3351749998983,-852.9703199975193,333.09,9800.0,0.59,1.27,68200.0,4000.0,82000.0,9995.18
84,846.0051749999402,-860.3403199966997,309.21,7900.0,0.28,0.71,66600.0,3800.0,78300.0,8001.64
84,842.575174999889,-867.8103199973702,285.38,5400.0,0.25,0.82,57900.0,2000.0,65300.0,5506.38
84,839.0151749999495,-875.3303199969232,261.59,6899.999999999999,0.23,1.17,72800.0,2600.0,82300.0,7032.779999999999
84,835.2351749999216,-882.9003199972212,237.84,8000.0,0.27,1.21,88900.0,3200.0,100100.0,8142.14
85,181.22517499991227,-366.6103199962527,248.39,4100.0,0.26,1.16,262800.0,1400.0000000000002,268300.0,4236.44
85,178.1751749998657,-374.4403199963272,224.85,4200.0,0.23,1.07,245200.0,1300.0,250700.0,4324.38
85,175.04517499986105,-382.4103199969977,201.38,3700.0,0.44,1.02,244600.0,1200.0,249500.0,3851.68
85,168.7551749999402,-398.13031999766827,155.91,8200.0,0.04,2.56,244000.0,2200.0,254400.0,8421.04
85,164.39517499995418,-408.9903199970722,124.23,700.0000000000001,0.01,0.18,160400.0,200.0,161300.0,716.6200000000001
85,162.825174999889,-412.7303199972957,113.17,8500.0,0.01,1.91,198800.0,2500.0,209800.0,8661.94
85,157.52517499995884,-424.3703199978918,78.61,14900.0,1.47,4.42,351100.0,5200.0,371200.0,15491.78
85,154.53517499996815,-430.7303199972957,59.97,11900.0,1.39,3.7,357100.0,6300.0,375300.0,12419.3
85,152.76517499994952,-434.3903199974448,49.4,4200.0,0.13,0.43,217100.0,3200.0,224500.0,4255.62
85,151.3351749998983,-437.2803199980408,41.1,11399.999999999998,0.15,0.47,282700.0,9500.0,303600.0,11461.979999999998
85,149.85517499991693,-440.1403199974448,32.89,200.0,0.0,0.02,101000.0,100.0,101300.0,201.68
85,147.05517499987036,-445.4303199965507,17.7,100.0,0.01,0.02,93600.0,100.0,93800.0,103.18
85,142.61517499992624,-453.5803199969232,-5.52,0.0,0.0,0.02,82800.0,100.0,82900.0,1.68
85,137.98517499992158,-461.7003199979663,-28.7,0.0,0.0,0.01,75300.0,100.0,75400.0,0.84
85,133.12517499993555,-469.6903199963272,-51.56,0.0,0.0,0.01,53600.0,100.0,53700.0,0.84
86,309.8351749998983,-40.19031999632716,130.94,3500.0,0.23,0.87,295300.0,1000.0,299800.0,3607.58
86,306.7851749999681,-47.7803199980408,107.32,4400.0,0.24,1.21,290600.0,1300.0,296300.0,4537.64
86,303.37517499993555,-55.35031999647617,83.74,4100.0,0.18,1.17,265500.0,1100.0,270700.0,4225.28
86,300.9951749999309,-60.18031999655068,68.67,5100.0,0.33,1.57,273100.0,1400.0000000000002,279600.0,5281.38
86,300.0651749998797,-61.970319997519255,63.02,19300.0,1.3,2.83,395800.0,7300.0,422400.0,19732.72
86,297.6051749999169,-66.54031999781728,48.41,4700.0,0.26,0.98,318100.0,1300.0,324100.0,4821.32
86,293.2651749999495,-74.02031999640167,23.89,4900.0,0.24,1.05,291000.0,1400.0000000000002,297300.0,5024.2
86,288.5351749999681,-81.2503199968487,-0.63,4600.0,0.2,1.19,264000.0,1300.0,269900.0,4729.96
86,283.47517499991227,-88.31031999737024,-25.13,7500.0,0.45,1.68,263900.0,2200.0,273600.0,7708.62
86,280.3151749998797,-92.30031999759376,-39.78,4600.0,0.23,0.98,286200.0,1300.0,292100.0,4716.82
86,277.8351749998983,-95.2803199980408,-51.13,7600.0,0.47,1.89,266800.0,2300.0,276700.0,7829.26
86,275.3151749998797,-98.23031999729574,-62.57,21200.0,1.27,5.87,386100.0,6400.0,413700.0,21883.58
86,273.6651749999728,-100.15031999722125,-70.15,6000.0,0.34,1.46,293400.0,1800.0,301200.0,6173.64
86,271.8951749999542,-102.24031999707222,-78.47,38400.0,2.49,12.56,465900.00000000006,11000.0,515300.00000000006,39828.54
86,270.6751749998657,-103.69031999632716,-84.21,11700.0,1.11,3.95,328600.0,3600.0,343900.0,12198.3
86,269.21517499990296,-105.43031999655068,-91.1,19700.0,3.07,4.51,439000.0,7900.0,466600.0,20539.34
86,267.6751749998657,-107.27031999640168,-98.41,6300.0,0.65,0.78,365600.0,3300.0,375200.0,6463.02
86,264.435174999875,-111.16031999699771,-113.8,31500.0,2.59,7.57,447600.0,10700.0,489800.0,32524.38
86,259.3151749998797,-117.36031999625266,-138.31,2200.0,0.11,0.47,235500.0,700.0000000000001,238400.0,2255.98
86,254.3451749999076,-123.55031999759376,-162.6,3400.0000000000005,0.1,0.8,242000.0,1000.0,246400.0,3482.2000000000003
86,249.3851749999449,-129.68031999655068,-186.9,11900.0,0.21,3.36,233800.0,3300.0,249000.0,12213.74
86,244.575174999889,-135.8403199966997,-211.23,2600.0,0.13,0.75,200900.0,800.0,204300.0,2682.5
86,239.86517499992624,-141.88031999766827,-235.6,6899.999999999999,0.32,1.73,228200.0,2300.0,237400.0,7093.319999999999
86,235.06517499987967,-147.61031999625266,-259.75,20800.0,2.27,4.05,497400.0,9400.0,527600.0,21480.7
86,230.2551749999402,-153.15031999722123,-283.65,22200.000000000004,2.68,3.67,487800.0,10800.0,520800.0,22910.280000000002
86,226.7551749999402,-157.0003199968487,-300.57,34600.0,2.11,6.46,500000.0,12800.0,547400.0,35459.14
86,224.2451749999309,-159.72031999751923,-312.63,29000.0,3.0,5.96,496500.0,10300.0,535800.0,29950.64
86,221.0851749998983,-163.1703199967742,-327.88,19600.0,1.16,5.03,325000.0,6500.0,351100.0,20196.52
86,218.43517499987504,-166.12031999789178,-341.02,26000.0,4.16,5.85,468300.0,11299.999999999998,505600.0,27115.4
86,217.61517499992624,-167.0303199980408,-345.09,18100.0,1.61,5.01,366200.0,6000.0,390300.0,18762.34
86,215.2551749999402,-169.65031999722123,-357.01,27300.0,0.23,8.77,250800.0,6800.000000000001,284900.0,28071.18
87,18.03517499996815,308.7396800033748,244.79,700.0000000000001,0.02,0.07,70700.0,500.0,71900.0,708.8800000000001
87,14.595174999907613,300.0096800029278,223.4,800.0,0.05,0.2,33200.0,400.0,34400.0,824.3
87,12.205174999893645,294.1296800021082,209.37,6500.0,0.08,1.95,182000.0,2300.0,190800.0,6675.8
87,10.22517499991227,289.3196800034493,197.9,2500.0,0.09,0.67,264200.0,1100.0,267800.0,2569.78
87,-20.60482500004582,221.55968000367284,29.66,1400.0000000000002,0.03,0.35,204300.0,600.0,206300.0,1433.9000000000003
87,-22.71482500003185,217.37968000210824,18.94,2800.0000000000005,0.07,0.71,264200.0,900.0,267900.0,2870.1400000000003
87,-26.954825000138957,209.27968000248077,-1.7,4000.0,0.22,1.36,211900.0,1200.0,217100.0,4147.24
87,-31.73482500005048,200.36968000233173,-23.82,1100.0,0.02,0.39,129000.0,300.0,130400.0,1135.76
87,-35.174825000111014,194.20968000218272,-38.71,13799.999999999998,0.5,4.33,295900.0,4100.0,313800.0,14238.719999999998
87,-38.88482500007376,187.7396800033748,-54.15,8700.0,0.39,3.37,269700.0,2600.0,281000.0,9041.58
87,-43.48482500005048,179.81968000344932,-72.83,6700.0,0.37,2.57,237300.0,2000.0,246000.0,6971.38
87,-47.71482500003185,172.72968000359833,-89.33,7800.0,0.34,2.61,279100.0,2400.0,289300.0,8070.24
87,-52.01482500007842,165.77968000248077,-105.1,6200.0,0.27,2.16,256000.0,1900.0,264100.0,6421.94
87,-56.3348250000272,159.02968000248077,-120.15,7900.0,0.36,2.39,262400.0,2500.0,272800.0,8154.76
87,-59.43482500012033,154.2996800020337,-130.54,27000.0,1.87,8.33,411900.0,9100.0,448000.0,27980.22
87,-62.04482500010636,150.38968000374734,-139.06,7100.0,0.4,1.94,195400.0,2300.0,204800.0,7322.96
87,-65.6648250001017,145.0796800032258,-150.48,3400.0000000000005,0.09,0.79,313300.0,1100.0,317800.0,3479.8600000000006
87,-71.12482500006445,137.36968000233173,-166.78,8500.0,0.44,2.19,317400.0,2800.0000000000005,328700.0,8749.96
87,-75.52482500008773,131.2496800031513,-179.26,26400.0,1.45,4.83,497300.0,10200.0,533900.0,27023.22
87,-79.80482500011567,125.34968000277875,-191.21,9300.0,0.88,2.21,314800.0,3200.0,327300.0,9617.64
87,-87.68482500012033,114.75968000292778,-212.44,4900.0,0.44,1.27,267700.0,1700.0000000000002,274300.0,5072.68
87,-95.6648250001017,104.11968000233172,-233.61,8600.0,1.17,1.2,308700.0,6000.0,323300.0,8876.3
87,-101.924825000111,95.77968000248076,-250.21,11700.0,1.64,1.52,343400.00000000006,8800.0,363900.00000000006,12073.68
87,-104.84482500003652,91.87968000210822,-257.95,32700.0,4.36,6.06,384000.0,19200.0,435900.0,33863.04
88,-384.9048250000924,517.0496800020337,248.35,3600.0,0.17,0.25,99200.0,1500.0,104300.0,3646.5
88,-388.45482500013895,507.93968000262976,225.34,1100.0,0.04,0.06,100800.0,500.0,102400.0,1111.04
88,-391.4348250001203,500.6296800021082,207.07,2400.0,0.05,0.3,129200.0,1100.0,132700.0,2432.7
88,-395.4148250001017,491.1796800028533,183.78,12600.0,0.72,1.54,109500.0,4200.0,126300.0,12837.36
88,-398.6448250000831,483.8196800034493,166.04,2700.0,0.08,0.4,236500.0,900.0,240100.0,2745.6
88,-402.80482500011567,474.8496800027788,144.53,1200.0,0.02,0.22,114500.0,500.0,116200.0,1221.48
88,-407.5948250000365,465.3096800036728,121.92,1500.0,0.03,0.33,139800.0,700.0000000000001,142000.0,1532.22
88,-412.7948250001064,455.68968000262976,99.44,1200.0,0.04,0.28,206100.0,400.0,207700.0,1229.52
88,-418.3948250000831,446.0496800020337,77.07,6200.0,0.18,1.52,209500.0,2000.0,217700.0,6354.68
88,-424.2948250001064,436.26968000270426,54.83,2800.0000000000005,0.13,0.71,253000.0,900.0,256700.0,2879.1400000000003
88,-430.4448250001296,426.4996800031513,32.66,4800.0,0.11,1.36,195900.0,1500.0,202200.0,4930.74
88,-436.7648250000784,416.7896800022572,10.5,2600.0,0.07,0.72,161700.00000000003,700.0000000000001,165000.00000000003,2670.98
88,-443.30482500011567,407.1196800023317,-11.6,1500.0,0.04,0.46,137800.0,500.0,139800.0,1544.64
88,-448.6248250000645,399.3996800035238,-29.07,400.0,0.01,0.12,131800.0,100.0,132300.0,411.58
88,-451.0248250000877,395.9696800019592,-36.78,6600.0,0.18,1.55,278400.0,2300.0,287300.0,6757.2
88,-452.6048250000458,393.7096800021827,-41.83,4500.0,0.23,1.23,233200.0,1600.0,239300.0,4637.82
88,-455.1948250001296,390.0596800036728,-49.98,600.0,0.04,0.16,224200.00000000003,200.0,225000.00000000003,619.44
88,-460.1648250001017,383.1796800028533,-65.29,5600.000000000001,0.21,1.38,241200.0,1900.0,248700.0,5747.420000000001
88,-467.5048250000691,373.3096800036728,-87.05,3100.0,0.21,0.7,334700.0,1600.0,339400.0,3190.3
88,-475.11482500005513,363.3096800036728,-108.66,6500.0,0.46,1.63,259800.0,2200.0,268500.0,6705.92
88,-483.0448250001064,353.2196800019592,-130.12,9800.0,0.36,2.29,271300.0,3000.0,284100.0,10046.36
88,-488.7148250000319,346.05968000367284,-145.1,5100.0,0.3,1.14,221700.00000000003,1600.0,228400.00000000003,5240.76
88,-491.0448250001064,343.1696800030768,-151.1,12100.0,0.4,3.01,296200.0,3700.0,312000.0,12412.84
88,-495.9148250001017,337.2396800033748,-163.4,3800.0,0.12,1.03,206800.0,1200.0,211800.0,3904.52
88,-504.6048250000458,326.8996800035238,-184.44,4300.0,0.17,1.51,207100.0,1400.0000000000002,212800.0,4452.34
88,-513.6648250001017,316.47968000359833,-205.28,9200.0,0.77,3.41,283400.0,3400.0000000000005,296000.0,9601.94
88,-520.674825000111,308.55968000367284,-220.85,11500.0,0.77,4.36,249800.0,3700.0,265000.0,11981.74
88,-529.5548250001157,298.55968000367284,-240.24,4200.0,0.17,1.7,249800.0,1400.0000000000002,255400.0,4368.3
89,-42.40482500009239,-117.2803199980408,246.66,4900.0,0.01,1.03,21600.0,2500.0,29000.0,4988.02
89,-38.0848250000272,-107.2603199966252,224.17,4500.0,0.02,1.33,24400.0,1400.0000000000002,30300.0,4614.72
89,-33.8248250001343,-97.81031999737024,203.58,2900.0,0.04,0.8,28700.0,1200.0,32800.0,2973.2
89,-29.324825000134297,-88.18031999655068,183.13,900.0,0.06,0.18,200100.00000000003,600.0,201600.00000000003,924.12
89,-24.254825000069104,-77.64031999744475,161.03,1100.0,0.05,0.23,188900.0,700.0000000000001,190700.0,1126.82
89,-18.99482500005979,-66.93031999655068,139.06,3200.0,0.12,0.57,276900.0,1000.0,281100.0,3265.88
89,-13.60482500004582,-56.070319997146726,117.21,3800.0,0.1,0.83,256700.00000000003,1600.0,262100.00000000003,3884.72
89,-10.324825000134297,-49.44031999632716,103.9,2400.0,0.03,0.56,236100.0,800.0,239300.0,2451.54
90,-108.31482500012498,-9.130319997668266,248.72,4600.0,0.02,1.03,12200.0,2300.0,19100.0,4689.52
90,-104.924825000111,-1.060319997370243,223.9,3000.0,0.01,0.6,16400.0,1900.0,21300.0,3051.9
90,-101.26482500007842,7.069680003449321,199.14,3700.0,0.02,1.68,17400.0,1100.0,22200.0,3844.12
90,-98.73482500005048,12.209680002182722,183.65,5100.0,0.06,2.04,130600.0,1700.0000000000002,137400.0,5280.36
90,-97.22482500004116,15.149680003523828,174.83,4100.0,0.02,1.47,26600.0,1100.0,31800.0,4226.48
90,-94.62482500006443,20.029680002480745,160.16,3200.0,0.05,0.62,41900.00000000001,900.0,46000.00000000001,3259.58
90,-93.30482500011568,22.45968000218272,152.87,2300.0,0.05,0.52,200200.0,800.0,203300.0,2351.18
90,-91.19482500012964,26.289680002257228,141.4,3200.0,0.09,0.54,99300.0,1500.0,104000.0,3258.86
90,-87.47482500004116,32.79968000203371,121.85,1700.0000000000002,0.04,0.32,232400.0,700.0000000000001,234800.0,1732.8800000000003
90,-82.8248250001343,40.66968000307679,98.44,3200.0,0.1,0.51,252500.0,1100.0,256800.0,3257.84
90,-77.96482500003185,48.51968000270426,75.07,4500.0,0.09,0.94,249300.0,1500.0,255300.0,4592.46
90,-72.9148250001017,56.379680002108216,51.75,3300.0,0.1,0.64,255800.0,1100.0,260200.0,3368.76
90,-67.6648250001017,64.33968000300229,28.5,5500.0,0.16,1.0,255400.0,1800.0,262700.0,5608.0
90,-62.224825000041164,72.34968000277877,5.31,5000.0,0.2,1.18,279600.0,1700.0000000000002,286300.0,5129.12
90,-56.69482500012964,80.4996800031513,-17.81,3200.0,0.12,0.7,256300.0,1000.0,260500.0,3276.8
90,-51.05482500011567,88.81968000344932,-40.84,3200.0,0.1,0.86,239700.0,900.0,243800.0,3287.24
90,-45.3348250000272,97.30968000367284,-63.79,5900.0,0.29,1.45,287900.0,1700.0000000000002,295500.0,6065.3
91,453.2251749999122,-497.27031999640167,234.69,3200.0,0.18,0.88,193300.0,1200.0,197700.0,3300.92
91,450.46517499990296,-505.3303199969232,210.5,6300.0,0.45,1.51,234000.0,2100.0,242400.0,6494.34
91,447.5951749999076,-513.4203199967742,186.34,1900.0,0.13,0.45,213300.0,700.0000000000001,215900.0,1957.3
91,444.4551749998936,-521.7103199977428,162.27,5100.0,0.19,1.06,238100.0,1800.0,245000.0,5217.54
91,438.8051749998704,-535.4403199963272,124.46,19400.0,0.51,2.98,84000.0,6800.000000000001,110200.0,19726.82
91,434.69517499988433,-544.5103199966252,100.23,7400.0,0.3,1.93,56500.0,2300.0,66200.0,7607.12
91,430.2351749999216,-553.8503199964762,76.16,7800.0,0.27,2.12,59000.0,2300.0,69100.0,8018.58
91,425.4851749999216,-563.1803199965507,52.8,4900.0,0.23,1.07,233400.0,2300.0,240600.0,5024.38
91,420.63517499994487,-572.3003199975938,30.03,4600.0,0.24,1.1,242500.0,1900.0,249000.0,4728.4
91,416.29517499986105,-580.2303199972957,10.22,6700.0,0.38,1.57,253000.0,2900.0,262600.0,6888.88
91,413.8051749998704,-584.6503199972212,-0.79,5699.999999999999,0.45,0.86,344000.0,4400.0,354100.0,5839.739999999999
91,411.2051749998936,-589.2303199972957,-12.15,2300.0,0.14,0.43,287900.0,1300.0,291500.0,2357.12
91,408.2551749999402,-594.3403199966997,-24.74,8500.0,0.21,0.7,364500.0,6100.0,379100.0,8590.3
91,404.6251749999356,-600.5203199964017,-39.85,5200.0,0.35,1.3,189900.0,2900.0,198000.0,5361.7
91,400.7751749999589,-607.0803199969232,-55.69,2400.0,0.22,0.53,169200.00000000003,500.0,172100.00000000003,2477.52
91,384.4951749999309,-633.4303199965507,-117.7,0.0,0.0,0.01,35100.0,100.0,35200.0,0.84
92,605.8951749999542,-517.0103199966252,234.66,4400.0,0.3,0.96,256900.0,1400.0000000000002,262700.0,4525.64
92,602.5551749998704,-524.9403199963272,211.19,2700.0,0.16,0.65,258300.0,800.0,261800.0,2778.6
92,600.1951749998843,-530.3903199974447,195.31,2700.0,0.14,0.58,253500.0,800.0,257000.0,2769.72
92,597.825174999889,-535.8203199971467,179.75,4600.0,0.3,0.98,283000.0,1500.0,289100.0,4727.32
92,595.6151749999262,-540.9003199972212,165.62,5300.0,0.42,1.4,266400.0,2100.0,273800.0,5480.6
92,594.2851749999681,-543.9303199965507,157.36,11299.999999999998,2.45,1.14,410000.0,10200.0,431500.0,11763.259999999998
92,592.2551749999402,-548.6203199978918,144.62,7400.0,1.19,1.82,292500.0,3700.0,303600.0,7731.38
92,590.7751749999588,-552.0603199973702,135.35,5200.0,0.25,1.45,266600.0,2000.0,273800.0,5359.3
92,588.5851749998983,-557.1503199972212,121.73,7800.0,0.37,1.87,279200.0,3800.0,290800.0,8012.58
92,584.7351749999216,-565.9703199975193,98.66,11800.0,0.67,2.31,222000.0,4000.0,237800.0,12094.54
92,580.8051749998704,-574.9103199969977,75.65,1300.0,0.05,0.41,180500.0,400.0,182200.0,1341.94
92,577.465174999903,-582.4603199977428,56.66,3000.0,0.07,0.84,229600.0,1100.0,233700.0,3081.06
92,575.0351749999681,-587.8703199978918,43.24,1900.0,0.05,0.58,248800.0,700.0000000000001,251400.0,1956.22
93,298.935174999875,-479.3503199964762,233.93,4300.0,0.14,0.91,242500.0,1400.0000000000002,248200.0,4397.44
93,303.075174999889,-469.4903199970722,210.01,3700.0,0.11,0.79,249500.0,1200.0,254400.0,3782.86
93,307.54517499986105,-459.9103199969977,186.04,4700.0,0.12,1.1,253800.0,1900.0,260400.0,4810.4
93,350.27517499995884,-390.4203199967742,13.38,3300.0,0.26,0.58,229400.0,1300.0,234000.0,3387.72
93,352.9451749998844,-386.8203199971467,4.72,19700.0,0.58,3.43,333000.0,7400.0,360100.0,20075.12
93,356.04517499986105,-382.7003199979663,-5.16,2500.0,0.15,0.67,239400.0,900.0,242800.0,2578.78
93,361.46517499990296,-375.6503199972212,-22.04,8700.0,0.49,1.96,293700.0,3000.0,305400.0,8938.14
93,365.3451749999076,-370.6403199974448,-34.02,1200.0,0.03,0.33,194700.0,400.0,196300.0,1232.22
93,366.5651749998797,-369.0703199971467,-37.74,23000.0,1.29,4.56,480700.0,8500.0,512200.0,23576.54
93,367.6651749999728,-367.6603199969977,-41.09,6700.0,0.26,1.69,329300.0,2300.0,338300.0,6880.96
93,369.13517499994487,-365.77031999640167,-45.54,12600.0,0.48,3.48,391200.0,4000.0,407800.0,12964.32
93,372.575174999889,-361.38031999766827,-55.89,6100.0,0.26,1.51,274500.0,2000.0,282600.0,6265.84
93,378.7351749999216,-353.5303199980408,-74.33,5300.0,0.23,1.43,235200.0,1700.0000000000002,242200.0,5454.62
93,386.04517499986105,-344.02031999640167,-96.27,5600.000000000001,0.37,1.16,249400.0,1800.0,256800.0,5752.9400000000005
93,390.4151749999728,-338.2003199979663,-109.53,10600.0,0.63,2.42,246500.0,3400.0000000000005,260500.0,10897.78
93,391.7551749999402,-336.4103199969977,-113.6,24600.0,1.28,5.2,500000.0,7900.0,532500.0,25228.8
93,395.935174999875,-330.7403199970722,-126.36,3900.0,0.18,0.94,231400.0,1200.0,236500.0,4005.96
93,402.8951749999542,-320.8203199971467,-148.35,10500.0,0.75,2.93,263300.0,3600.0,277400.0,10858.62
93,407.0151749999495,-314.89031999744475,-161.43,6400.0,0.2,1.9,279700.0,2200.0,288300.0,6589.6
93,410.1451749999542,-310.39031999744475,-171.32,33800.0,2.17,7.91,480000.0,12300.0,526100.0,34789.94
93,415.3951749999542,-302.77031999640167,-188.11,14100.0,0.98,3.91,351300.0,5200.0,370600.0,14575.44
93,421.5051749999402,-293.86031999625266,-207.73,21400.0,0.95,6.1,458700.0,7400.0,487500.0,22054.9
93,425.5951749999076,-287.88031999766827,-220.9,7400.0,0.55,1.87,304700.0,2800.0000000000005,314900.0,7639.58
93,428.575174999889,-283.4503199979663,-230.63,19700.0,1.21,4.74,451800.0,6899.999999999999,478400.0,20279.66
93,434.1251749999356,-274.7803199980408,-249.39,3400.0000000000005,0.31,0.86,277100.0,1200.0,281700.0,3518.7400000000002
93,438.075174999889,-268.40031999722123,-263.04,33900.0,4.54,5.9,429800.0,15600.0,479300.0,35076.6
93,439.3351749998983,-266.3203199971467,-267.46,8500.0,0.97,1.9,307400.0,3400.0000000000005,319300.0,8805.1
93,441.7651749999495,-262.2803199980408,-276.11,23400.0,2.8,6.41,455500.0,8700.0,487600.0,24358.44
93,443.9951749999309,-258.5103199966252,-284.2,6600.0,0.11,2.62,220200.0,2000.0,228800.0,6836.58
93,445.4251749998657,-256.0803199969232,-289.41,23800.0,1.48,7.23,439500.0,8300.0,471600.0,24629.32
93,447.5651749998797,-252.4503199979663,-297.19,4400.0,0.45,0.96,292700.0,2400.0,299500.0,4548.14
93,450.29517499986105,-247.7803199980408,-307.18,22000.0,1.94,4.47,494000.0,9300.0,525300.0,22666.48
93,452.5951749999076,-243.8403199966997,-315.65,3000.0,0.17,0.76,188900.0,1000.0,192900.0,3089.34
93,455.53517499996815,-238.7803199980408,-326.44,11800.0,2.3,2.17,416000.0,6000.0,433800.0,12327.28
93,458.185174999875,-234.1903199963272,-336.17,4400.0,0.33,0.76,340700.0,2500.0,347600.0,4513.34
93,459.935174999875,-231.18031999655068,-342.58,21300.0,1.97,5.1,428300.0,8400.0,458000.0,22023.9
93,463.6551749999635,-224.9203199967742,-355.83,9200.0,1.63,1.52,389200.0,5300.0,403700.0,9572.18
93,466.78517499996815,-219.62031999789176,-366.92,20300.0,3.34,4.17,497800.0,9400.0,527500.0,21151.28
93,470.4851749999216,-213.1703199967742,-380.32,9400.0,0.62,2.32,325000.0,3300.0,337700.0,9687.88
93,474.2551749999402,-206.4103199969977,-394.16,5500.0,0.27,1.56,251200.0,1500.0,258200.0,5671.54
93,475.8151749998797,-203.5803199969232,-399.92,37000.0,2.85,7.49,448700.0,13400.0,499100.0,38056.66
94,-287.4548250001389,474.1196800023317,250.59,2600.0,0.07,0.24,30900.0,300.0,33800.0,2630.66
94,-291.0948250000365,465.0296800024808,233.15,1900.0,0.14,0.18,51600.0,1000.0,54500.0,1936.12
94,-292.814825000125,460.8296800032258,225.09,6100.0,0.21,0.6,91200.0,2400.0,99700.0,6181.9
94,-293.71482500003185,458.5996800027788,220.83,1700.0000000000002,0.1,0.14,33200.0,700.0000000000001,35600.0,1726.7600000000002
94,-296.61482500005513,451.47968000359833,207.19,2100.0,0.05,0.25,109300.0,900.0,112300.0,2128.5
94,-299.8548250000458,443.4896800033748,192.02,300.0,0.02,0.02,139500.0,200.0,140000.0,304.68
94,-302.5948250000365,436.7596800029278,179.27,4200.0,0.25,0.33,78300.0,2000.0,84500.0,4265.22
94,-305.8948250000831,428.6696800030768,164.02,8000.0,0.13,0.83,113700.0,2800.0000000000005,124500.0,8089.22
94,-309.8248250001343,419.1296800021082,146.07,2400.0,0.06,0.34,138600.0,900.0,141900.0,2437.56
94,-313.924825000111,409.2996800020337,127.69,3100.0,0.07,0.51,281500.0,1200.0,285800.0,3153.34
94,-318.814825000125,398.0596800036728,106.91,2200.0,0.06,0.51,209400.0,700.0000000000001,212300.0,2251.84
94,-322.3548250000458,390.2396800033748,92.55,5300.0,0.08,1.27,257800.0,1700.0000000000002,264800.0,5418.68
94,-324.5048250000691,385.5996800027788,84.05,6300.0,0.31,1.7,228300.0,2100.0,236700.0,6489.3
94,-325.9148250001017,382.5996800027788,78.57,13300.0,1.13,3.12,284700.0,4500.0,302500.0,13731.58
94,-329.21482500003185,375.69968000240624,66.11,2500.0,0.11,0.66,207000.0,800.0,210300.0,2571.94
94,-334.9948250000598,363.7996800020337,44.9,2300.0,0.6,0.76,155200.0,700.0000000000001,158200.0,2453.84
94,-340.9948250000598,351.7496800031513,23.83,600.0,0.02,0.23,127100.0,200.0,127900.0,622.32
94,-347.2948250001064,339.5696800034493,2.93,3100.0,0.1,1.2,150600.0,900.0,154600.0,3215.8
94,-352.0748250001343,330.60968000255525,-12.18,2100.0,0.08,0.75,160300.0,700.0000000000001,163100.0,2175.0
94,-357.03482500009704,321.4896800033748,-27.34,7500.0,0.35,2.18,296200.0,2500.0,306200.0,7735.62
94,-362.284825000097,311.7996800020337,-43.12,6400.0,0.33,1.83,178100.0,1900.0,186400.0,6603.22
94,-364.7948250001064,307.22968000359833,-50.46,14300.0,0.46,3.52,304700.0,4700.0,323700.0,14664.68
94,-368.6648250001017,300.2996800020337,-61.5,3000.0,0.22,0.93,168700.0,1000.0,172700.0,3111.12
94,-373.4348250001203,291.86968000233173,-74.7,8000.0,0.35,2.2,285900.0,2500.0,296400.0,8237.3
94,-375.45482500013895,288.3296800032258,-80.18,22000.0,0.88,5.22,421500.0,7000.0,450500.0,22570.48
94,-377.0948250000365,285.4696800019592,-84.58,4800.0,0.37,1.39,317800.0,1600.0,324200.0,4972.26
94,-382.2548250000691,276.4996800031513,-98.25,2100.0,0.08,0.5,207100.0,700.0000000000001,209900.0,2154.0
94,-390.4448250001296,262.5796800032258,-119.3,4800.0,0.38,1.09,277900.0,1700.0000000000002,284400.0,4948.56
94,-398.9348250001203,248.5496800020337,-140.16,3200.0,0.1,0.77,184600.0,1000.0,188800.0,3279.68
94,-404.63482500007376,239.25968000292775,-153.71,700.0000000000001,0.02,0.2,188800.0,200.0,189700.0,719.8000000000001
94,-408.7248250000412,232.5996800027788,-163.24,10600.0,0.8,3.65,298300.0,3600.0,312500.0,11026.6
94,-412.8548250000458,225.85968000255525,-172.83,9900.0,0.37,2.74,386300.0,4200.0,400400.0,10185.66
94,-414.8248250001343,222.6696800030768,-177.35,6100.0,0.27,1.92,284600.0,2400.0,293100.0,6301.78
94,-416.1848250001203,220.4696800019592,-180.47,10600.0,1.16,2.02,423800.0,5900.0,440300.0,10943.68
94,-417.8948250000831,217.70968000218272,-184.37,6700.0,0.34,1.97,290300.0,2600.0,299600.0,6916.48
94,-419.314825000125,215.4196800030768,-187.61,6200.0,0.46,0.97,392500.0,4600.0,403300.0,6350.48
94,-421.05482500011567,212.61968000233173,-191.57,3600.0,0.05,0.76,215600.0,2300.0,221500.0,3671.34
95,384.0951749999076,146.5496800020337,139.75,4000.0,0.08,0.72,63500.0,1200.0,68700.0,4072.48
95,381.9051749999635,141.28968000225723,126.71,2600.0,0.05,0.48,92700.0,900.0,96200.0,2647.82
95,378.04517499986105,132.20968000218272,104.31,4600.0,0.14,0.59,163600.0,2000.0,170200.0,4670.56
95,374.7651749999495,124.3296800032258,85.45,5100.0,0.21,0.83,249700.0,2000.0,256800.0,5201.22
95,373.13517499994487,120.38968000374734,76.05,700.0000000000001,0.01,0.09,211200.0,300.0,212200.0,709.0600000000001
95,370.69517499988433,114.4196800030768,61.82,3900.0,0.21,0.55,181500.0,1400.0000000000002,186800.0,3977.7
95,366.53517499996815,104.4996800031513,38.14,1400.0000000000002,0.03,0.27,173600.0,500.0,175500.0,1427.1800000000003
95,362.28517499996815,95.06968000344932,15.52,1900.0,0.05,0.36,198300.0,600.0,200800.0,1937.74
95,357.54517499986105,85.37968000210822,-7.61,2600.0,0.06,0.66,219400.0,800.0,222800.0,2664.44
95,354.5051749999402,79.58968000300229,-21.3,2900.0,0.05,0.7,259300.0,1000.0,263200.0,2966.3
95,352.22517499991227,75.38968000374734,-31.18,4300.0,0.2,0.92,259000.0,1400.0000000000002,264700.0,4407.28
95,349.04517499986105,69.61968000233173,-44.71,7900.0,0.38,1.24,401800.0,3200.0,412900.0,8061.16
95,347.3351749998983,66.51968000270426,-51.97,4000.0,0.08,0.99,259600.0,1300.0,264900.0,4095.16
95,344.8451749999076,62.06968000344932,-62.36,4600.0,0.17,1.27,200700.0,1400.0000000000002,206700.0,4732.18
95,340.5851749998983,54.54968000203371,-79.62,3100.0,0.21,0.97,249000.0,900.0,253000.0,3212.98
95,335.1751749998657,45.28968000225723,-100.81,2200.0,0.09,0.71,228600.0,700.0000000000001,231500.0,2273.14
95,330.95517499989364,38.17968000285328,-117.14,4100.0,0.22,1.11,303000.0,1400.0000000000002,308500.0,4226.24
95,327.04517499986105,31.69968000240624,-132.08,7600.0,0.86,1.83,202000.0,2500.0,212100.0,7882.72
95,320.97517499991227,22.039680002257228,-154.32,600.0,0.03,0.2,126500.0,200.0,127300.0,621.3
95,315.8051749998704,14.29968000203371,-172.19,1300.0,0.06,0.37,159300.0,400.0,161000.0,1340.08
95,312.4251749998657,9.44968000240624,-183.43,23800.0,1.63,4.69,440900.00000000006,8700.0,473400.00000000006,24438.46
95,307.5351749999681,2.669680003076792,-199.29,5900.0,0.5,1.33,272100.0,2800.0000000000005,280800.0,6086.72
95,300.37517499993555,-7.010319996625185,-222.05,1600.0,0.06,0.54,139300.0,500.0,141400.0,1654.36
95,292.87517499993555,-16.65031999722123,-244.72,5900.0,0.35,1.74,275200.0,2000.0,283100.0,6098.66
95,288.185174999875,-22.55031999759376,-258.5,6800.000000000001,1.51,0.8,496200.0,4900.0,507900.0,7093.700000000001
95,285.825174999889,-25.520319996401668,-265.42,2900.0,0.41,0.81,322600.0,1100.0,326600.0,3029.54
96,646.0651749998797,-431.5303199980408,235.82,5200.0,0.16,1.25,251700.00000000003,1600.0,258500.00000000003,5329.0
96,643.3751749999356,-438.7903199978173,213.45,1600.0,0.05,0.34,203200.0,500.0,205300.0,1636.06
96,640.4051749999635,-446.56031999737024,189.88,7100.0,0.66,1.6,314200.0,2100.0,323400.0,7333.4
96,637.325174999889,-454.3503199964762,166.32,8000.0,0.28,1.91,276500.0,2500.0,287000.0,8202.44
96,635.045174999861,-459.9303199965507,149.39,8200.0,0.53,1.96,287100.0,2500.0,297800.0,8444.14
96,632.715174999903,-465.4903199970722,132.45,3300.0,0.19,0.69,234400.0,1100.0,238800.0,3386.46
96,629.295174999861,-473.2603199966252,108.94,6400.0,0.52,1.64,255500.0,2100.0,264000.0,6615.76
96,625.8051749998704,-481.0703199971467,85.45,1900.0,0.09,0.5,255400.0,600.0,257900.0,1955.5
96,622.2451749999309,-489.05031999759376,62.02,3800.0,0.26,1.03,251100.0,1200.0,256100.0,3925.52
96,619.545174999861,-494.9203199967742,44.88,7200.0,0.9,1.58,287100.0,2900.0,297200.0,7467.72
96,618.3351749998983,-497.5403199978173,37.25,12200.0,0.83,0.25,466700.0,11600.0,490500.0,12345.5
96,616.1151749999262,-502.30031999759376,23.39,7000.0,0.88,1.42,290300.0,4300.0,301600.0,7251.28
96,613.4851749999216,-507.9503199979663,7.04,7400.0,0.48,1.75,274500.0,3400.0000000000005,285300.0,7619.0
96,610.7651749999495,-513.8603199962527,-9.93,3200.0,0.15,0.78,243500.0,1400.0000000000002,248100.0,3288.02
96,608.0951749999076,-519.7103199977428,-26.64,1100.0,0.07,0.32,209800.0,400.0,211300.0,1137.38
96,606.6051749999169,-522.9703199975193,-35.92,600.0,0.03,0.17,174899.99999999997,200.0,175699.99999999997,618.78
96,605.2351749999216,-525.9903199970722,-44.45,13000.0,0.88,3.7,309500.0,4500.0,327000.0,13442.8
96,604.3051749998704,-528.0303199980408,-50.2,2900.0,0.11,0.65,247900.0,1100.0,251900.0,2971.1
96,603.7251749999123,-529.3303199969232,-53.83,27900.0,0.73,5.48,464400.0,12600.0,504900.0,28469.82
96,601.5851749998983,-534.0603199973702,-67.0,3300.0,0.12,1.04,217500.0,1100.0,221900.0,3405.36
96,597.935174999875,-542.4103199969977,-90.06,3600.0,0.17,0.99,220000.0,1300.0,224900.0,3708.66
97,489.53517499996815,-129.1703199967742,179.39,13400.0,0.27,2.79,363900.0,4500.0,381800.0,13674.86
97,488.6551749999635,-131.4103199969977,174.89,16000.0,1.11,2.12,461100.0,7000.0,484100.0,16344.58
97,487.2651749999495,-135.0303199980408,167.73,4200.0,0.58,1.19,247600.00000000003,1200.0,253000.00000000003,4386.96
97,484.5151749999495,-142.29031999781728,153.48,1200.0,0.06,0.39,214200.00000000003,300.0,215700.00000000003,1241.76
97,481.8551749999169,-149.3303199969232,139.72,16400.0,0.51,5.42,327800.0,4700.0,348900.0,16931.78
97,480.4751749999122,-152.96031999774277,132.7,600.0,0.04,0.21,229800.0,200.0,230600.0,623.64
97,479.1051749999169,-156.5303199980408,125.87,8500.0,1.04,2.41,253500.0,2500.0,264500.0,8858.44
97,477.2651749999495,-161.2603199966252,116.8,3900.0,0.28,1.17,255100.00000000003,1300.0,260300.00000000003,4040.28
97,475.1651749999728,-166.60031999647617,106.69,32800.0,2.0,10.59,493100.0,10600.0,536500.0,33989.56
97,472.38517499994487,-173.47031999751923,93.62,4100.0,0.26,1.15,255200.0,1300.0,260600.0,4235.6
97,469.5551749998704,-180.4503199979663,80.56,18600.0,1.93,4.59,439100.0,6200.0,463900.0,19275.06
97,465.7451749999309,-189.7303199972957,63.11,6200.0,0.43,1.67,341500.0,2000.0,349700.0,6404.78
97,459.9551749998936,-203.05031999759376,38.33,14500.0,1.02,3.15,456700.0,5300.0,476500.0,14917.6
97,456.5651749998797,-210.7103199977428,24.11,12100.0,0.67,2.18,396200.0,5200.0,413500.0,12383.62
97,453.4151749999728,-217.6903199963272,11.25,23900.0,1.98,4.43,492200.0,9100.0,525200.0,24569.12
97,449.69517499988433,-225.79031999781728,-3.64,9000.0,0.97,1.4,362700.00000000006,4700.0,376400.00000000006,9263.1
97,447.9051749999635,-229.6603199969977,-10.76,24400.0,2.65,4.32,494300.0,9900.0,528600.0,25160.38
97,444.3951749999542,-237.2803199980408,-24.76,5300.0,0.65,1.64,253400.0,1600.0,260300.0,5535.26
97,438.7651749999495,-249.15031999722123,-46.45,12200.0,1.18,3.05,290600.0,3900.0,306700.0,12633.2
97,433.0551749998704,-261.02031999640167,-68.1,10800.0,1.12,2.64,328100.0,4200.0,343100.0,11189.76
97,429.1551749999635,-269.14031999744475,-82.96,22800.0,2.46,5.01,440200.00000000006,8400.0,471400.00000000006,23589.84
97,425.4151749999728,-277.1903199963272,-97.69,8300.0,0.15,3.68,158800.0,2200.0,169300.0,8631.62
97,422.0651749998797,-284.4903199970722,-111.12,20200.0,0.94,6.56,327200.0,6100.0,353500.0,20892.04
97,419.21517499990296,-290.6003199964762,-122.56,6600.0,0.27,1.66,282000.0,2200.0,290800.0,6779.94
97,416.6051749999169,-296.1603199969977,-133.02,12100.0,0.63,3.13,469800.0,4500.0,486400.0,12457.42
97,414.78517499996815,-300.15031999722123,-140.47,5500.0,0.68,1.13,278800.0,2100.0,286400.0,5696.92
97,410.86517499992624,-309.0003199968487,-156.94,51800.0,2.57,11.35,498300.0,16700.0,566800.0,53138.9
97,408.0051749999402,-315.7103199977428,-169.47,1500.0,0.09,0.32,274100.0,600.0,276200.0,1540.38
97,407.28517499996815,-317.4303199965507,-172.66,16200.000000000002,0.42,5.37,290000.0,5000.0,311200.0,16714.08
97,406.1751749998657,-320.1003199964762,-177.63,2600.0,0.11,0.76,265400.0,900.0,268900.0,2680.34
97,403.0951749999076,-327.5903199966997,-191.58,6899.999999999999,0.25,2.44,290900.0,2300.0,300100.0,7142.459999999999
98,-605.0148250000784,227.25968000292775,388.71,1000.0,0.1,0.61,102100.0,200.0,103300.0,1066.24
98,-602.2348250000505,234.38968000374732,367.31,7500.0,0.02,0.61,198100.0,100.0,205700.0,7554.24
98,-600.4048250000924,239.02968000248077,353.35,1000.0,0.03,0.23,185300.0,200.0,186500.0,1023.82
98,-597.2548250000691,246.89968000352383,329.83,4300.0,0.35,1.54,221800.0,1100.0,227200.0,4481.86
98,-594.0948250000365,254.97968000359836,306.38,12000.0,0.79,4.44,158300.0,3000.0,173300.0,12491.46
98,-591.0948250000365,263.35968000255525,283.02,14500.0,0.32,3.31,125900.0,3800.0,144200.0,14826.04
98,-588.7548250000691,270.1696800030768,264.5,21100.0,1.31,5.14,125900.0,5500.0,152500.0,21728.26
98,-576.6148250000551,304.77968000248075,170.74,13799.999999999998,1.32,3.52,227200.0,3500.0,244500.0,14293.679999999998
98,-573.3648250000551,314.55968000367284,145.57,11900.0,1.04,3.31,279500.0,3000.0,294400.0,12334.04
98,-571.6648250001017,320.4096800033003,131.18,54700.0,2.0,12.17,441600.0,13600.000000000002,509900.0,56022.28
98,-570.8248250001343,323.4996800031513,123.74,19800.0,1.1,5.11,301000.0,4900.0,325700.0,20394.24
98,-569.7148250000319,327.6296800021082,113.91,25200.0,0.94,4.44,393000.0,6800.000000000001,425000.0,25713.96
98,-567.954825000139,334.3396800030023,98.22,7600.0,0.27,2.16,261900.0,2100.0,271600.0,7821.94
98,-566.3548250000458,340.47968000359833,84.11,9000.0,0.35,3.23,289800.0,2600.0,301400.0,9323.82
98,-565.8348250000272,342.4996800031513,79.51,3200.0,0.12,1.17,233300.0,1000.0,237500.0,3316.28
98,-564.4348250001203,347.8396800030023,67.33,17200.0,0.82,6.61,305500.0,5000.0,327700.0,17878.24
98,-562.4948250000598,355.0696800034493,50.9,23800.0,1.18,10.14,344099.99999999994,6200.0,374099.99999999994,24828.76
98,-561.3648250000551,359.1696800030768,41.63,8300.0,0.37,2.62,259600.0,2800.0000000000005,270700.0,8575.58
98,-560.6448250000831,361.7396800033748,35.87,10900.0,0.49,3.65,277900.0,3400.0000000000005,292200.0,11280.1
98,-559.8948250000831,364.3996800035238,29.93,5600.000000000001,0.29,1.91,238400.0,1800.0,245800.0,5803.9400000000005
98,-558.0148250000784,370.9996800031513,15.31,6700.0,0.37,2.43,247800.0,2100.0,256600.0,6959.62
98,-556.0748250001343,377.51968000270426,1.02,5600.000000000001,0.32,1.68,254300.0,1800.0,261700.0,5789.120000000001
98,-555.3548250000458,379.8696800023317,-4.09,17900.0,0.94,4.4,381700.0,6000.0,405600.0,18410.6
98,-554.784825000097,381.7196800019592,-8.1,7700.0,0.4,2.17,268600.0,2600.0,278900.0,7942.28
98,-552.924825000111,387.8296800032258,-21.23,5600.000000000001,0.45,1.81,220100.00000000003,1700.0000000000002,227400.00000000003,5819.540000000001
98,-549.6648250001017,398.43968000262976,-43.63,2500.0,0.13,0.65,194800.0,800.0,198100.0,2574.1
98,-547.2448250000598,406.2896800022572,-59.84,4700.0,0.29,1.07,203400.0,1600.0,209700.0,4833.38
98,-546.0948250000365,409.94968000240624,-67.31,13300.0,0.6,2.5,301600.0,4800.0,319700.0,13600.0
98,-543.9648250000319,416.6496800035238,-80.82,3900.0,0.22,0.86,293300.0,1400.0000000000002,298600.0,4005.24
98,-541.5048250000691,424.2496800031513,-96.0,600.0,0.03,0.14,179899.99999999997,300.0,180799.99999999997,616.26
99,795.0151749999495,-463.9903199970722,295.38,8400.0,0.19,2.43,227400.0,2300.0,238100.0,8632.62
99,792.325174999889,-471.4903199970722,271.68,3400.0000000000005,0.47,1.04,262400.0,1000.0,266800.0,3557.8600000000006
99,789.545174999861,-478.9503199979663,247.98,1600.0,0.03,0.44,219800.0,500.0,221900.0,1641.46
99,786.7351749999216,-486.22031999751925,224.73,2500.0,0.06,0.57,240900.0,800.0,244200.0,2556.88
99,784.8651749999262,-490.9103199969977,209.76,9000.0,0.19,1.98,324099.99999999994,2900.0,335999.99999999994,9194.82
99,782.8651749999262,-495.77031999640167,194.35,1900.0,0.06,0.46,189000.0,600.0,191500.0,1947.64
99,779.6651749999728,-503.3203199971467,170.74,1000.0,0.01,0.23,223900.0,400.0,225300.0,1020.82
99,776.3951749999542,-511.1803199965507,147.23,700.0000000000001,0.02,0.18,187400.0,300.0,188400.0,718.1200000000001
99,773.8651749999262,-517.4303199965507,129.39,1600.0,0.08,0.52,188300.0,600.0,190500.0,1655.68
99,771.325174999889,-523.7603199966252,111.58,1300.0,0.07,0.35,187700.0,500.0,189500.0,1339.9
99,767.9451749998843,-532.1803199965507,88.28,3300.0,0.12,0.81,188600.0,1100.0,193000.0,3386.04
99,764.9251749998657,-539.7303199972957,67.62,700.0000000000001,0.04,0.19,183900.0,300.0,184900.0,721.9600000000002
99,761.8451749999076,-547.3503199964762,47.0,5800.0,0.23,1.52,242600.00000000003,2000.0,250400.00000000003,5962.18
99,759.4851749999216,-553.0803199969232,31.46,8600.0,1.47,2.25,263200.0,3100.0,274900.0,9009.5
99,757.685174999875,-557.3503199964762,19.77,12900.0,0.41,4.05,253200.0,4400.0,270500.0,13301.7
99,754.6251749999356,-564.6303199976683,-0.3,2000.0,0.06,0.52,189100.0,700.0000000000001,191800.0,2052.68
99,751.545174999861,-571.8703199978918,-20.21,17000.0,0.76,5.06,358000.0,6000.0,381000.0,17539.04
100,-795.1848250001203,433.1596800033003,362.37,2000.0,0.14,2.78,183100.0,100.0,185200.0,2254.52
100,-799.2548250000691,421.9296800028533,340.41,2100.0,0.16,2.61,190500.0,100.0,192700.0,2343.24
100,-803.2448250000598,411.0696800034493,319.1,2700.0,0.08,1.35,171900.0,300.0,174900.0,2825.4
100,-807.3248250001343,400.1796800028533,297.82,10700.0,0.74,4.31,236100.0,3200.0,250000.0,11173.04
100,-810.5448250001064,391.8496800027788,281.41,7100.0,0.35,2.51,280300.0,2200.0,289600.0,7363.34
100,-813.1048250000458,385.4196800030768,268.68,23000.0,1.61,7.8,364300.0,8000.0,395300.0,23896.7
100,-815.8048250001157,379.0496800020337,255.96,5800.0,0.22,1.6,250100.00000000003,1900.0,257800.00000000003,5967.4
100,-817.3548250000458,375.5596800036728,248.96,3600.0,0.13,0.8,335900.00000000006,1000.0,340500.00000000006,3686.7
100,-819.5848250000272,370.7096800021827,239.2,4300.0,0.11,1.01,243100.0,1500.0,248900.0,4401.34
100,-823.3348250000272,362.8296800032258,223.43,2900.0,0.02,0.46,29600.0,1100.0,33600.0,2941.64
101,346.6451749999542,51.67968000285328,114.34,1500.0,0.04,0.47,204100.0,500.0,206100.0,1545.48
101,342.79517499986105,42.75968000292778,96.12,16200.000000000002,1.71,4.91,275600.0,4700.0,296500.0,16868.94
101,339.9151749999728,36.22968000359833,82.83,41300.0,1.9,9.96,470700.0,13400.0,525400.0,42421.64
101,337.3351749998983,30.529680002480745,71.16,12200.0,0.23,3.51,308800.0,3600.0,324600.0,12529.34
101,335.52517499995884,26.649680003523827,63.18,9700.0,1.11,1.13,472200.0,5900.0,487800.0,9961.42
101,332.3951749999542,20.149680003523827,49.78,4600.0,0.16,1.26,238000.0,1400.0000000000002,244000.0,4729.84
101,328.52517499995884,12.50968000292778,34.0,3200.0,0.08,1.08,209100.0,900.0,213200.0,3302.72
101,326.7551749999402,9.149680003523828,27.02,17400.0,0.88,4.01,449300.0,5300.0,472000.0,17868.84
101,323.3051749998704,2.8496800027787685,13.85,4900.0,0.16,1.46,225000.0,1400.0000000000002,231300.0,5046.64
101,319.7351749999216,-3.4003199972212315,0.61,1500.0,0.06,0.43,268800.0,500.0,270800.0,1545.12
101,317.4251749998657,-7.30031999759376,-7.69,29500.0,3.43,4.69,488300.0,10600.0,528400.0,30408.46
101,314.61517499992624,-12.000319996848702,-17.74,6200.0,0.41,1.31,351200.0,2500.0,359900.0,6371.54
101,312.22517499991227,-15.900319997221231,-26.1,20000.0,0.96,6.72,425000.0,5900.0,450900.0,20708.48
101,308.45517499989364,-21.89031999744475,-39.06,11100.000000000002,0.66,3.44,299300.0,3400.0000000000005,313800.0,11487.960000000001
101,305.3351749998983,-26.630319997668263,-49.41,15000.0,1.17,2.95,351800.0,5200.0,372000.0,15423.3
101,301.38517499994487,-32.40031999722123,-62.09,5000.0,0.27,1.39,252900.0,1500.0,259400.0,5157.26
101,296.8051749998704,-38.93031999655068,-76.53,9800.0,0.69,2.39,279100.0,3100.0,292000.0,10104.26
101,295.1451749999542,-41.2503199968487,-81.73,18900.0,1.21,3.85,365900.00000000006,6600.0,391400.00000000006,19404.9
101,294.11517499992624,-42.70031999796629,-84.97,5300.0,0.26,1.44,245900.0,1600.0,252800.0,5459.96
101,290.54517499986105,-47.660319996997714,-96.07,18800.0,1.29,4.93,411100.0,6000.0,435900.0,19407.62
101,283.825174999889,-56.720319997519255,-116.58,8000.0,0.54,1.83,360300.0,2900.0,371200.0,8234.72
101,276.46517499990296,-66.22031999751925,-138.5,12500.0,0.78,3.01,403500.0,3700.0,419700.0,12869.84
101,268.97517499991227,-75.4203199967742,-160.5,8000.0,0.4,2.25,337299.99999999994,2300.0,347599.99999999994,8249.0
101,263.86517499992624,-81.52031999640167,-175.41,8400.0,0.38,2.59,303400.0,2700.0,314500.0,8674.56
101,258.6051749999169,-87.68031999655068,-190.68,29800.0,2.11,6.1,465500.0,10700.0,506000.0,30628.9
101,250.68517499987504,-96.79031999781728,-213.44,25800.0,4.28,4.51,462200.0,12200.0,500200.0,26820.84
101,242.7351749999216,-105.7803199980408,-236.25,23100.0,3.37,4.03,495800.0,11500.0,530400.0,23944.02
101,234.8051749998704,-114.64031999744476,-259.11,12200.0,2.89,1.6,464300.0,8200.0,484700.0,12767.9
101,226.87517499993555,-123.35031999647616,-282.02,17000.0,2.97,2.77,462100.0,9900.0,489000.0,17678.18
101,218.9051749999635,-131.98031999729574,-304.95,18200.0,2.58,3.5,432000.0,9300.0,459500.0,18881.0
101,210.86517499992624,-140.55031999759376,-327.97,4400.0,0.23,1.08,270400.0,1300.0,276100.0,4525.22
101,202.79517499986105,-149.15031999722123,-351.06,2900.0,0.17,0.64,259900.0,800.0,263600.0,2979.26
102,-841.534825000097,444.8596800025553,371.58,4800.0,0.67,2.19,332900.0,300.0,338000.0,5084.46
102,-845.4348250001203,433.26968000270426,350.84,6800.000000000001,0.35,3.13,269400.0,200.0,276400.0,7115.420000000001
102,-849.1948250001296,421.5696800034493,330.14,8300.0,0.37,2.39,251900.0,2500.0,262700.0,8556.26
102,-852.924825000111,410.1296800021082,309.9,2800.0000000000005,0.07,0.67,254600.0,900.0,258300.0,2866.7800000000007
102,-856.1548250000924,400.5396800022572,292.88,3400.0000000000005,0.04,0.97,31100.0,1100.0,35600.0,3487.4800000000005
103,-867.6248250000644,517.0796800032258,334.51,9400.0,0.19,7.02,233500.0,200.0,243100.0,10018.18
103,-871.5448250001064,506.9596800021827,314.23,7700.0,0.33,3.35,257200.0,1800.0,266700.0,8030.9
103,-873.674825000111,501.5296800024808,303.4,18100.0,0.78,11.68,465400.0,5500.0,489000.0,19198.12
103,-875.1548250000924,497.76968000270426,295.92,1200.0,0.04,0.67,210200.0,400.0,211800.0,1262.28
103,-877.0748250001343,493.0296800024808,286.47,3300.0,0.18,1.54,235100.00000000003,1200.0,239600.00000000003,3456.36
103,-878.204825000139,490.3396800030023,281.11,20500.0,0.88,8.49,391700.0,6700.0,418900.0,21345.16
103,-879.424825000111,487.4596800021827,275.36,13000.0,0.9,5.56,318100.0,4300.0,335400.0,13602.04
103,-881.1048250000458,483.5696800034493,267.61,7400.0,0.73,4.04,353400.00000000006,2300.0,363100.00000000006,7848.86
103,-884.4348250001203,475.9296800028533,252.44,4600.0,0.27,1.17,274700.0,1400.0000000000002,280700.0,4738.78
103,-886.9748250000412,470.2596800029278,241.02,4600.0,0.27,1.17,274700.0,1400.0000000000002,280700.0,4738.78
103,-889.5848250000272,464.6296800021082,229.61,6700.0,0.14,2.31,217700.0,2000.0,226400.0,6915.04
103,-892.2648250000784,458.9896800033748,218.22,10000.0,0.44,3.34,223500.0,3100.0,236600.0,10346.56
103,-895.0248250000877,453.3496800027788,206.85,10000.0,0.44,3.34,223500.0,3100.0,236600.0,10346.56
103,-899.674825000111,444.1696800030768,188.35,2300.0,0.04,0.6,30200.0,1000.0,33500.0,2356.4
104,-578.2148250000319,431.8296800032258,328.17,15800.0,0.37,6.39,264900.0,200.0,280900.0,16392.26
104,-581.034825000097,424.47968000359833,304.97,8800.0,0.05,0.77,189200.00000000003,200.0,198200.00000000003,8872.18
104,-582.814825000125,419.8196800034493,290.22,7000.0,0.41,1.82,346900.0,2500.0,356400.0,7214.38
104,-583.5048250000691,418.01968000270426,284.56,14600.0,0.39,3.28,320000.0,5100.0,339700.0,14934.02
104,-584.534825000097,415.3396800030023,276.11,3300.0,0.13,0.91,206200.0,1200.0,210700.0,3395.94
104,-585.8848250000738,411.8496800027788,265.21,12300.0,0.67,3.72,304500.0,4200.0,321000.0,12712.98
104,-586.7548250000691,409.6296800021082,258.31,2400.0,0.1,0.8,176900.0,800.0,180100.0,2482.2
104,-588.7148250000319,404.5696800034493,242.73,9600.0,0.45,3.13,269000.0,2900.0,281500.0,9930.42
104,-591.3048250001157,397.8496800027788,222.2,18900.0,1.09,6.56,398200.0,6300.0,423400.0,19614.54
104,-593.6648250001017,391.7896800022572,203.77,2700.0,0.13,1.16,242100.0,900.0,245700.0,2816.94
104,-596.2748250000877,385.1796800028533,183.66,7600.0,1.05,3.17,243900.0,2300.0,253800.0,8023.78
104,-598.9448250001296,378.5696800034493,163.57,2200.0,0.09,1.08,145700.0,700.0000000000001,148600.0,2304.22
104,-602.1548250000924,370.8296800032258,140.01,2500.0,0.02,1.55,192600.00000000003,800.0,195900.00000000003,2633.2
104,-605.424825000111,363.0996800027788,116.46,3400.0000000000005,0.58,1.78,222000.0,1000.0,226400.0,3636.5200000000004
104,-608.7648250000784,355.38968000374734,92.91,5000.0,0.25,2.59,211100.0,1400.0000000000002,217500.0,5255.06
104,-612.2248250000412,347.7196800019592,69.38,23800.0,1.33,12.15,327500.0,6200.0,357500.0,25020.1
104,-615.8748250000644,340.0096800029278,45.87,11700.0,0.79,4.97,238000.0,3200.0,252900.0,12235.98
104,-619.6948250001296,332.2596800029278,22.42,13200.0,0.81,4.79,278600.0,3400.0000000000005,295200.0,13723.86
104,-623.6948250001296,324.47968000359833,-1.0,11200.000000000002,0.57,3.86,265400.0,2800.0000000000005,279400.0,11609.740000000002
104,-627.8548250000458,316.7396800033748,-24.41,7400.0,0.35,2.76,288000.0,1900.0,297300.0,7684.34
104,-632.1248250000644,308.93968000262976,-47.78,10900.0,0.5,3.78,248700.0,2500.0,262100.0,11292.52
104,-636.1048250000458,301.88968000374734,-69.06,15000.0,0.87,5.26,246200.0,3500.0,264700.0,15572.34
105,-473.11482500005513,427.6596800033003,307.36,10300.0,0.23,1.32,175799.99999999997,100.0,186199.99999999997,10445.38
105,-469.95482500013895,436.0996800027788,284.04,1400.0000000000002,0.05,0.34,155300.0,200.0,156900.0,1436.0600000000002
105,-467.8548250000458,441.6696800030768,268.76,3600.0,0.08,0.99,174600.0,1100.0,179300.0,3695.16
105,-466.8448250000365,444.3596800025553,261.45,25900.0,1.66,8.11,190600.0,7100.0,223600.0,26830.24
105,-465.034825000097,449.1096800025553,248.59,800.0,0.08,0.25,192900.0,300.0,194000.0,833.0
105,-463.0148250000784,454.44968000240624,234.05,2000.0,0.1,0.54,256200.0,700.0000000000001,258900.0,2060.36
105,-460.6848250001203,460.7196800019592,217.07,1100.0,0.03,0.31,203400.0,400.0,204900.0,1130.54
105,-458.45482500013895,466.7596800029278,200.77,1200.0,0.05,0.35,195000.0,500.0,196700.0,1236.9
105,-457.4448250001296,469.4696800019592,193.47,5699.999999999999,0.21,1.32,214300.0,2000.0,222000.0,5842.379999999999
105,-455.4348250001203,474.7896800022572,179.24,1100.0,0.08,0.26,206300.0,400.0,207800.0,1133.84
105,-453.0748250001343,480.72968000359833,163.44,2200.0,0.04,0.4,222200.0,900.0,225300.0,2239.6
105,-451.8748250000645,483.5796800032258,155.87,8000.0,0.39,0.68,339799.99999999994,5600.000000000001,353399.99999999994,8115.62
105,-451.0048250000691,485.6196800023317,150.48,3500.0,0.08,0.46,259900.0,1900.0,265300.0,3550.64
105,-450.1048250000458,487.7196800019592,144.99,9300.0,0.5,1.21,334400.0,4700.0,348400.0,9476.64
105,-447.6448250000831,493.5396800022572,130.01,4200.0,0.12,0.66,283500.0,1700.0000000000002,289400.0,4273.44
105,-444.8448250000365,500.1596800033003,113.08,21100.0,0.69,2.83,265800.0,7700.0,294600.0,21441.22
105,-442.064825000125,506.8496800027788,96.14,2200.0,0.03,0.36,109300.0,900.0,112400.0,2234.74
106,-561.9048250000924,473.7496800031513,302.23,10700.0,0.08,2.14,230200.0,300.0,241200.0,10891.76
106,-566.4648250000319,463.6096800025553,279.84,6600.0,0.1,1.55,249500.0,1500.0,257600.0,6745.2
106,-569.7448250000598,456.4596800021827,264.09,300.0,0.02,0.11,228800.0,200.0,229300.0,312.24
106,-571.8948250000831,451.76968000270426,253.82,1800.0,0.11,0.55,160700.0,600.0,163100.0,1862.7
106,-573.5048250000691,448.2396800033748,246.17,7800.0,0.34,2.2,297700.0,2400.0,307900.0,8035.8
106,-576.5748250001343,441.5296800024808,231.75,6300.0,0.22,1.55,207500.0,2200.0,216000.0,6463.2
106,-580.1848250001203,433.6096800025553,215.2,900.0,0.06,0.24,297700.0,400.0,299000.0,929.16
106,-583.5548250001157,426.1796800028533,200.08,2800.0000000000005,0.13,0.62,227700.0,900.0,231400.0,2871.5800000000004
106,-587.2448250000598,418.1796800028533,184.05,9800.0,0.39,2.82,273500.0,3100.0,286400.0,10095.38
106,-589.8548250000458,412.6596800033003,173.11,5600.000000000001,0.73,1.77,230500.0,1800.0,237900.0,5858.180000000001
106,-591.9748250000412,408.2596800029278,164.58,7700.0,0.24,3.01,215200.0,2300.0,225200.0,7988.84
106,-592.9848250000505,406.1796800028533,160.61,4400.0,0.56,1.75,253400.0,1400.0000000000002,259200.0,4631.0
106,-594.674825000111,402.72968000359833,154.11,19200.0,0.83,6.78,354799.99999999994,5900.0,379899.99999999994,19894.02
106,-598.9748250000412,394.13968000374734,138.24,7500.0,0.48,2.85,244900.0,2300.0,254700.0,7811.4
106,-604.8948250000831,382.3996800035238,116.98,9000.0,0.29,3.85,244900.0,2900.0,256800.0,9366.9
106,-610.7948250001064,370.4696800019592,95.81,1600.0,0.13,0.81,188200.0,600.0,190400.0,1687.54
106,-616.0748250001343,359.9596800021827,77.28,4600.0,0.72,2.5,213400.0,1400.0000000000002,219400.0,4918.0
106,-619.5048250000691,353.35968000255525,65.66,27400.000000000004,1.27,13.14,336900.0,7200.0,371500.0,28694.260000000002
106,-623.7748250000877,345.2396800033748,51.52,13700.000000000002,1.11,5.5,274000.0,3900.0,291600.0,14328.500000000002
106,-630.284825000097,333.1596800033003,30.63,8100.000000000001,0.38,2.91,249800.0,2100.0,260000.0,8401.44
106,-635.034825000097,324.3796800021082,15.47,8600.0,0.41,3.03,265900.0,2100.0,276600.0,8916.02
107,-617.3448250000365,332.7596800029278,367.15,3700.0,0.61,4.2,268900.0,700.0000000000001,273300.0,4144.3
107,-619.954825000139,326.86968000233173,348.08,11399.999999999998,0.66,1.83,325000.0,300.0,336700.0,11652.719999999998
107,-621.3848250000738,323.4996800031513,337.26,16299.999999999998,2.04,3.09,296800.0,300.0,313400.0,16865.56
107,-622.2548250000691,321.4296800028533,330.63,58800.0,4.16,4.14,489500.0,13600.000000000002,561900.0,59771.76
107,-622.8448250000365,320.05968000367284,326.17,6300.0,0.27,0.84,332000.0,2300.0,340600.0,6411.06
107,-623.3948250000831,318.7596800029278,321.98,4100.0,0.37,0.78,275200.0,1500.0,280800.0,4221.02
107,-623.954825000139,317.43968000262976,317.71,11700.0,0.32,1.77,390100.0,4900.0,406700.0,11896.68
107,-624.4048250000924,316.36968000233173,314.28,5400.0,0.43,0.96,279300.0,2000.0,286700.0,5545.14
107,-626.3948250000831,311.77968000248075,299.5,45400.0,2.22,5.54,420000.0,18100.0,483500.0,46198.36
107,-629.7448250000598,304.44968000240624,276.15,12100.0,0.73,2.34,193000.0,4200.0,209300.0,12406.06
107,-631.8048250001157,300.3496800027788,263.48,42000.0,3.06,7.68,365800.0,12500.0,420300.0,43104.12
107,-634.2648250000784,295.7496800031513,249.49,10100.0,0.72,2.65,167800.0,3000.0,180900.0,10430.6
107,-636.4648250000319,291.8496800027788,237.7,7100.0,0.27,1.92,222300.0,2300.0,231700.0,7301.78
107,-638.7448250000598,287.8996800035238,225.95,7100.0,0.27,1.92,222300.0,2300.0,231700.0,7301.78
107,-641.1148250000551,283.93968000262976,214.22,7100.0,0.27,1.92,222300.0,2300.0,231700.0,7301.78
107,-643.674825000111,279.88968000374734,202.55,16500.0,0.77,4.63,148800.0,4800.0,170100.0,17004.42
107,-649.2348250000505,271.5896800030023,179.52,4000.0,0.1,1.08,208700.0,1200.0,213900.0,4105.72
107,-654.6348250000738,263.93968000262976,158.84,5300.0,0.08,1.29,105200.0,1500.0,112000.0,5420.36
108,736.325174999889,-732.2103199977428,386.42,5900.0,0.17,1.23,207200.0,1900.0,215000.0,6028.82
109,882.1251749999356,-496.3403199966997,362.68,4300.0,0.6,0.81,87899.99999999999,100.0,92299.99999999999,4458.04
109,880.0251749999588,-501.1903199963272,347.29,700.0000000000001,0.02,0.25,195600.0,200.0,196500.0,724.0000000000001
109,878.1951749998843,-505.4303199965507,333.94,500.0,0.02,0.22,208200.0,200.0,208900.0,521.48
109,875.8651749999262,-511.2603199966252,315.9,500.0,0.02,0.22,170900.0,200.0,171600.0,521.48
109,873.185174999875,-518.2603199966252,294.74,200.0,0.01,0.04,211000.0,100.0,211300.0,204.86
109,871.715174999903,-522.0103199966252,283.54,600.0,0.02,0.15,220500.0,300.0,221400.0,615.6
109,869.685174999875,-527.1903199963272,268.09,1500.0,0.04,0.43,218300.0,500.0,220300.0,1542.12
109,867.3651749999262,-533.0203199964017,250.74,4900.0,0.28,1.3,265400.0,1600.0,271900.0,5051.2
109,865.9851749999216,-536.3903199974447,240.75,19500.0,0.36,3.7,389800.0,6600.0,415900.0,19864.8
109,863.6651749999728,-541.9003199972212,224.66,1500.0,0.04,0.33,232700.0,600.0,234800.0,1533.72
109,861.2551749999402,-547.5503199975938,208.54,1400.0000000000002,0.04,0.28,213700.0,500.0,215600.0,1429.5200000000002
109,860.0151749999495,-550.3903199974447,200.43,2800.0000000000005,0.04,0.64,189900.0,1000.0,193700.0,2859.7600000000007
109,857.9451749998843,-555.0603199973702,187.32,700.0000000000001,0.01,0.14,218100.0,300.0,219100.0,713.2600000000001
109,854.5251749999588,-562.6803199965507,166.26,1200.0,0.02,0.26,175900.0,500.0,177600.0,1224.84
109,850.5951749999076,-571.2403199970722,143.1,700.0000000000001,0.02,0.14,160500.0,200.0,161400.0,714.7600000000001
109,846.4951749999309,-580.0403199978173,120.07,800.0,0.03,0.21,143300.0,300.0,144400.0,822.14
109,842.215174999903,-589.0103199966252,97.13,200.0,0.01,0.08,185600.0,100.0,185900.0,208.22
109,838.4251749998657,-596.6503199972212,77.56,300.0,0.01,0.09,188500.0,100.0,188900.0,309.06
109,835.1951749998843,-603.0003199968487,61.38,3300.0,0.08,0.9,218000.0,1100.0,222400.0,3387.6
109,832.465174999903,-608.2703199964017,48.07,1200.0,0.06,0.33,240500.0,500.0,242200.0,1236.72
110,800.9151749999728,-706.4303199965507,383.84,3900.0,0.42,0.91,226300.0,1500.0,231700.0,4039.44
110,798.825174999889,-711.3203199971467,368.06,23400.0,0.58,4.15,282500.0,8900.0,314800.0,23835.6
110,797.5151749999495,-714.3203199971467,358.27,5400.0,0.34,1.43,304600.0,2100.0,312100.0,5571.12
110,796.0851749998983,-717.5103199966252,347.76,3100.0,0.14,0.6,216600.0,1200.0,220900.0,3171.4
110,794.3951749999542,-721.1603199969977,335.56,4300.0,0.18,1.04,305000.0,1800.0,311100.0,4414.36
110,791.465174999903,-726.9803199972957,316.17,1900.0,0.05,0.69,188200.0,700.0000000000001,190800.0,1965.46
110,788.7351749999216,-732.0703199971467,299.63,19300.0,0.17,6.33,159900.0,5800.0,185000.0,19857.22
110,783.7451749999309,-740.8903199974447,271.39,5600.000000000001,0.3,2.43,153600.0,1400.0000000000002,160600.0,5849.120000000001
110,778.8951749999542,-748.9103199969977,246.44,6800.000000000001,0.26,2.0,154800.0,2200.0,163800.0,7007.000000000001
111,845.4451749998843,-617.4903199970722,383.49,4200.0,0.43,0.68,215500.0,300.0,220000.0,4321.62
111,840.1751749998657,-630.2503199968487,344.09,4700.0,0.25,1.08,250100.00000000003,1600.0,256400.00000000003,4828.22
111,838.075174999889,-635.2203199975193,329.26,20300.0,1.18,5.18,498600.0,6400.0,525300.0,20912.12
111,835.8151749998797,-640.6403199974447,313.47,1700.0000000000002,0.07,0.41,192500.0,600.0,194800.0,1744.9400000000003
111,832.4451749998843,-648.8903199974447,290.78,4100.0,0.24,0.99,282300.0,1400.0000000000002,287800.0,4219.16
111,830.0351749999681,-655.0203199964017,274.52,11200.000000000002,0.93,2.29,477300.0,4100.0,492600.0,11531.860000000002
111,827.2551749999402,-661.9703199975193,255.92,4300.0,0.42,0.96,236400.0,1500.0,242200.0,4443.64
111,824.8451749999076,-667.6203199978918,240.82,35700.0,0.7,10.35,496100.0,11500.0,543300.0,36674.4
111,822.6251749999356,-672.6003199964762,227.46,9700.0,0.75,2.39,273700.0,3400.0000000000005,286800.0,10013.26
111,819.9851749999216,-678.2903199978173,212.23,4200.0,0.3,1.13,249600.0,1600.0,255400.0,4339.92
111,818.715174999903,-680.9403199963272,205.11,5300.0,0.33,1.16,288700.0,2400.0,296400.0,5446.94
111,816.0251749999588,-686.5003199968487,190.11,1700.0000000000002,0.07,0.64,194500.0,700.0000000000001,196900.0,1764.2600000000002
111,811.6551749999635,-695.3003199975938,167.12,2200.0,0.09,0.72,181400.0,800.0,184400.0,2273.98
111,808.0851749998983,-702.4303199965507,149.35,1100.0,0.05,0.24,197800.0,1600.0,200500.0,1127.66
111,802.5951749999076,-713.4903199970722,122.37,3200.0,0.18,0.52,58300.0,1100.0,62600.0,3270.68
111,797.7751749999588,-723.0403199978173,99.78,5699.999999999999,0.31,0.86,75100.0,2200.0,83000.0,5818.739999999999
111,793.2751749999588,-731.7703199964017,79.86,9300.0,0.32,1.73,92700.0,3400.0000000000005,105400.0,9493.32
112,668.1551749999635,-347.6903199963272,195.97,3200.0,0.09,0.94,234700.0,1000.0,238900.0,3292.46
112,665.3451749999076,-355.4303199965507,172.0,2200.0,0.03,0.64,242200.0,800.0,245200.0,2258.26
112,663.0251749999588,-362.27031999640167,150.95,600.0,0.01,0.14,212700.0,300.0,213600.0,613.26
112,661.8651749999262,-366.05031999759376,139.33,4000.0,0.08,0.85,257400.0,1400.0000000000002,262800.0,4083.4
112,661.2751749999588,-368.1203199978918,132.99,1900.0,0.04,0.39,245400.0,700.0000000000001,248000.0,1938.76
112,660.545174999861,-370.7303199972957,125.06,2200.0,0.04,0.46,231500.0,800.0,234500.0,2244.64
112,659.1251749999356,-376.0103199966252,109.09,600.0,0.01,0.13,174400.0,200.0,175200.0,612.42
112,657.325174999889,-383.97031999751925,85.43,500.0,0.01,0.1,176300.0,200.0,177000.0,509.9
112,655.6551749999635,-392.2803199980408,61.88,2300.0,0.06,0.49,199100.0,700.0000000000001,202100.0,2350.16
112,654.185174999875,-400.9603199977428,38.46,4200.0,0.15,1.06,179700.0,1200.0,185100.0,4311.54
112,653.4151749999728,-406.2503199968487,24.4,18600.0,0.94,3.93,300400.0,5600.000000000001,324600.0,19071.12
112,652.6751749998657,-411.5103199966252,10.35,12300.0,0.45,3.02,258400.0,3800.0,274500.0,12621.18
112,651.4251749998657,-420.2403199970722,-13.05,8000.0,0.31,2.37,249200.00000000003,2400.0,259600.00000000003,8245.58
112,650.0551749998704,-428.9903199970722,-36.42,10000.0,0.42,2.57,263400.0,3600.0,277000.0,10278.88
112,648.5551749998704,-436.6703199967742,-56.74,3900.0,0.18,1.16,251100.0,1400.0000000000002,256400.0,4024.44
112,647.6151749999262,-441.06031999737024,-68.3,9600.0,0.9,2.73,329900.0,3400.0000000000005,342900.0,9964.32
112,647.1351749999449,-443.1703199967742,-73.87,5200.0,0.31,1.47,278800.0,2000.0,286000.0,5369.98
112,646.215174999903,-447.0703199971467,-84.12,26900.0,1.63,4.81,411300.0,16400.0,454600.0,27548.54
112,645.1151749999262,-451.6703199967742,-96.15,2000.0,0.2,0.53,237300.0,1000.0,240300.0,2074.52
112,644.1551749999635,-455.7003199979663,-106.58,10900.0,0.72,1.31,426300.0,8000.0,445200.0,11118.04
112,643.4051749999635,-458.8603199962527,-114.7,11100.000000000002,0.74,3.01,296900.0,4200.0,312200.0,11463.840000000002
113,855.0151749999495,-565.1403199974447,379.05,6200.0,0.23,0.76,233900.0,300.0,240400.0,6298.34
113,853.6451749999542,-568.5403199978173,368.26,7900.0,0.14,2.69,198200.0,2000.0,208100.0,8146.96
113,852.2751749999588,-571.8603199962527,357.6,4600.0,0.15,1.18,308700.0,1400.0000000000002,314700.0,4721.62
113,851.5651749998797,-573.5803199969232,352.1,8000.0,0.24,1.81,359500.0,2500.0,370000.0,8188.04
113,849.9051749999635,-577.5903199966997,339.48,1900.0,0.07,0.55,198500.0,600.0,201000.0,1956.7
113,846.965174999903,-584.6103199962527,317.62,700.0000000000001,0.02,0.19,210100.00000000003,200.0,211000.00000000003,718.9600000000002
113,843.6951749998843,-592.3503199964762,294.07,1700.0000000000002,0.05,0.38,200300.0,500.0,202500.0,1739.4200000000003
113,841.4951749999309,-597.4603199977428,278.64,1500.0,0.03,0.36,191300.0,500.0,193300.0,1534.74
113,839.1651749999728,-602.6703199967742,263.03,2100.0,0.03,0.48,151000.0,800.0,153900.0,2144.82
113,835.465174999903,-610.6403199974447,239.14,2300.0,0.09,0.48,196900.0,900.0,200100.0,2353.82
113,831.3651749999262,-619.2003199979663,213.39,5500.0,0.23,1.29,284600.0,2000.0,292100.0,5642.86
113,828.4451749998843,-625.1203199978918,195.65,30400.0,1.34,7.24,444400.0,10100.0,484900.0,31209.16
113,827.0551749998704,-627.9403199963272,187.22,6700.0,0.3,1.54,281500.0,2200.0,290400.0,6874.36
113,824.9951749999309,-632.0703199971467,174.77,8500.0,0.59,2.27,256500.0,2700.0,267700.0,8779.18
113,822.075174999889,-637.8603199962527,157.23,7600.0,0.4,1.93,284300.0,2600.0,294500.0,7822.12
113,819.5851749998983,-642.7003199979663,142.48,8400.0,0.28,2.18,265700.0,3200.0,277300.0,8625.12
113,816.6151749999262,-648.3203199971467,125.34,4500.0,0.19,1.12,253100.0,1600.0,259200.0,4622.58
113,812.3751749999356,-656.1403199974447,101.39,2200.0,0.1,0.65,292500.0,1000.0,295700.0,2269.6
113,808.0251749999588,-664.1003199964762,77.45,1800.0,0.13,0.62,174800.0,600.0,177200.0,1871.58
113,803.4951749999309,-672.4003199972212,53.61,1000.0,0.04,0.32,191500.0,400.0,192900.0,1032.88
113,800.825174999889,-677.3003199975938,39.98,1000.0,0.08,0.24,210600.0,300.0,211900.0,1032.16
113,797.7551749999402,-682.9403199963272,24.38,15900.0,0.48,3.59,202100.0,4900.0,222900.0,16273.56
114,-1120.564825000125,701.2196800019592,312.19,4200.0,0.11,1.09,229700.0,500.0,234400.0,4308.06
114,-1123.1248250000644,694.9896800033748,296.39,1800.0,0.06,0.64,184100.0,700.0000000000001,186600.0,1862.76
114,-1125.5848250000272,689.2896800022572,281.86,4500.0,0.35,1.94,264000.0,1600.0,270100.0,4715.46
114,-1129.504825000069,680.8096800036728,260.88,7800.0,0.23,3.19,266300.0,2700.0,276800.0,8102.46
114,-1133.7748250000875,672.1796800028533,240.04,8000.0,0.34,3.66,254800.0,2600.0,265400.0,8358.44
114,-1137.5448250001064,664.8596800025553,222.46,13600.000000000002,0.88,6.12,311400.0,4700.0,329700.0,14246.080000000002
114,-1143.0848250000272,654.1096800025553,196.64,1900.0,0.1,0.5,218500.0,800.0,221200.0,1957.0
114,-1145.424825000111,649.6996800024062,186.06,2700.0,0.08,0.63,363700.0,900.0,367300.0,2764.92
114,-1147.004825000069,646.7796800024807,179.09,1600.0,0.04,0.6,235700.0,700.0000000000001,238000.0,1656.4
114,-1150.004825000069,641.2296800035983,166.03,4600.0,0.07,1.4,38900.0,1700.0000000000002,45200.0,4728.1
115,-1031.6248250000644,507.7196800019592,326.72,3400.0000000000005,0.06,0.88,21000.0,1200.0,25600.0,3482.9200000000005
115,-1044.3048250001157,476.8396800030023,270.46,1100.0,0.01,0.19,12200.0,300.0,13600.0,1117.46
115,-1048.6548250000924,467.5996800027788,254.22,1700.0000000000002,0.01,0.37,9900.0,400.0,12000.0,1732.5800000000002
116,-1067.9748250000412,553.4096800033003,359.21,1800.0,0.08,3.04,271000.0,100.0,272900.0,2067.36
116,-1073.6848250001203,539.9596800021827,326.64,1900.0,0.05,0.84,29400.0,300.0,31600.0,1978.06
116,-1077.2348250000505,531.9296800028533,307.95,3500.0,0.03,1.17,26300.0,900.0,30700.0,3602.78
116,-1084.924825000111,515.9296800028533,272.19,2500.0,0.03,0.92,17100.0,900.0,20500.0,2581.78
116,-1091.1348250000738,503.7396800033748,245.46,2000.0,0.01,0.57,191600.0,500.0,194100.0,2049.38
116,-1093.1548250000924,499.8996800035238,237.01,1800.0,0.01,0.41,25100.0,500.0,27400.0,1835.94
117,161.60517499991693,-278.0003199968487,158.72,6200.0,0.36,2.08,273800.0,2100.0,282100.0,6428.72
117,157.0851749998983,-287.6703199967742,136.11,3500.0,0.2,1.11,266700.0,1200.0,271400.0,3623.24
117,152.2551749999402,-297.36031999625266,113.58,5200.0,0.43,2.19,269900.0,1900.0,277000.0,5448.46
117,147.11517499992624,-307.1703199967742,91.17,10300.0,0.57,4.42,231300.0,3400.0000000000005,245000.0,10756.78
117,141.575174999889,-317.22031999751925,68.96,2900.0,0.13,1.08,256500.0,1000.0,260400.0,3010.22
117,137.68517499987502,-324.15031999722123,54.19,2600.0,0.12,1.04,244000.0,900.0,247500.0,2705.36
117,129.22517499991227,-339.11031999625266,23.04,6200.0,0.2,2.0,270600.0,2300.0,279100.0,6398.0
117,123.22517499991228,-349.7503199968487,1.22,4500.0,0.3,1.16,246900.0,2200.0,253600.0,4642.44
117,118.68517499987502,-357.88031999766827,-15.23,8000.0,0.51,1.71,277000.0,5100.0,290100.0,8220.14
117,116.77517499995884,-361.2803199980408,-22.09,20000.0,0.17,2.74,296000.0,9800.0,325800.0,20255.66
118,135.7451749999309,-209.29031999781728,169.92,11100.000000000002,0.76,3.73,359900.0,3400.0000000000005,374400.0,11527.320000000002
118,132.68517499987502,-215.88031999766827,156.91,3300.0,0.1,1.02,236500.0,1000.0,240800.0,3400.68
118,127.5051749999402,-226.9103199969977,135.08,2200.0,0.1,0.53,239000.0,700.0000000000001,241900.0,2259.52
118,122.36517499992624,-237.9403199963272,113.24,2800.0000000000005,0.18,1.06,261400.0,1000.0,265200.0,2916.0400000000004
118,117.06517499987967,-248.89031999744475,91.4,3300.0,0.19,0.96,275800.0,1100.0,280200.0,3409.14
118,111.56517499987967,-259.7503199968487,69.57,2800.0000000000005,0.13,0.86,257800.0,900.0,261500.0,2891.7400000000002
118,106.51517499994952,-269.2903199978173,50.46,3000.0,0.15,1.12,247100.0,1000.0,251100.0,3116.58
118,84.05517499987036,-307.5903199966997,-23.71,5300.0,0.05,1.2,241300.0,3700.0,250300.0,5408.3
118,79.50517499994021,-314.88031999766827,-37.23,2700.0,0.02,0.3,203800.0,1400.0000000000002,207900.0,2728.2
119,93.10517499991693,-182.24031999707225,160.94,6000.0,0.19,1.01,252700.0,1800.0,260500.0,6113.34
119,88.39517499995418,-193.18031999655068,138.96,5000.0,0.26,1.19,256100.0,1600.0,262700.0,5138.96
119,83.53517499996815,-204.1703199967742,117.03,7100.0,0.41,2.06,285300.0,2200.0,294600.0,7334.54
119,78.45517499989364,-215.3403199966997,95.25,7300.0,0.45,1.51,291800.0,2400.0,301500.0,7494.34
119,73.79517499986105,-224.5903199966997,77.59,3400.0000000000005,0.17,1.16,258100.0,1200.0,262700.0,3522.9400000000005
119,69.72517499991227,-232.1603199969977,63.77,1700.0000000000002,0.13,0.71,232100.0,800.0,234600.0,1779.1400000000003
